t,F
1.880000000000000000e+03,5.331451849787052311e+01
1.880083333000000039e+03,5.332337240806151613e+01
1.880166666999999961e+03,5.333112085041147310e+01
1.880250000000000000e+03,5.333733372024623520e+01
1.880333333000000039e+03,5.334200107379091804e+01
1.880416666999999961e+03,5.334511335852873515e+01
1.880500000000000000e+03,5.334666146564830314e+01
1.880583333000000039e+03,5.334663634732743276e+01
1.880666666999999961e+03,4.846883756329090431e+01
1.880750000000000000e+03,4.845622437144103856e+01
1.880833333000000039e+03,4.844360594725804958e+01
1.880916666999999961e+03,4.843098060704449637e+01
1.881000000000000000e+03,4.841835187458868006e+01
1.881083333000000039e+03,4.840571806660115328e+01
1.881166666999999961e+03,4.839307749802418357e+01
1.881250000000000000e+03,4.838043369520621440e+01
1.881333333000000039e+03,4.836778497347338401e+01
1.881416666999999961e+03,4.835512964646989076e+01
1.881500000000000000e+03,4.834247124296936704e+01
1.881583333000000039e+03,4.832980807697561687e+01
1.881666666999999961e+03,4.885499636444681926e+01
1.881750000000000000e+03,4.885317765651369371e+01
1.881833333000000039e+03,4.885135681176893740e+01
1.881916666999999961e+03,4.884953211302594411e+01
1.882000000000000000e+03,4.884770699408284855e+01
1.882083333000000039e+03,4.884587973785614423e+01
1.882166666999999961e+03,4.884404862685688897e+01
1.882250000000000000e+03,4.884221709549461821e+01
1.882333333000000039e+03,4.884038342638341845e+01
1.882416666999999961e+03,4.883854590173269372e+01
1.882500000000000000e+03,4.883670795656230013e+01
1.882583333000000039e+03,4.883486787318437194e+01
1.882666666999999961e+03,3.852648346151752889e+01
1.882750000000000000e+03,3.852169094947412731e+01
1.882833333000000039e+03,3.851689518231279408e+01
1.882916666999999961e+03,3.851209516164698954e+01
1.883000000000000000e+03,3.850729284230759220e+01
1.883083333000000039e+03,3.850248722632186116e+01
1.883166666999999961e+03,3.849767731390888770e+01
1.883250000000000000e+03,3.849286506254401274e+01
1.883333333000000039e+03,3.848804947286838996e+01
1.883416666999999961e+03,3.848322954368300230e+01
1.883500000000000000e+03,3.847840723515583505e+01
1.883583333000000039e+03,3.847358154651829665e+01
1.883666666999999961e+03,3.950703939924360952e+01
1.883750000000000000e+03,3.950696829636265761e+01
1.883833333000000039e+03,3.950689606085063588e+01
1.883916666999999961e+03,3.950682174564652627e+01
1.884000000000000000e+03,3.950674724493770640e+01
1.884083333000000039e+03,3.950667161166178687e+01
1.884166666999999961e+03,3.950659844945046473e+01
1.884250000000000000e+03,3.950652055103407889e+01
1.884333333000000039e+03,3.950641035715699445e+01
1.884416666999999961e+03,3.950632924718414074e+01
1.884500000000000000e+03,3.950621678899288014e+01
1.884583333000000039e+03,3.950613436170033310e+01
1.884666666999999961e+03,3.380027455414177240e+01
1.884750000000000000e+03,3.378650723830322988e+01
1.884833333000000039e+03,3.377271946955436022e+01
1.884916666999999961e+03,3.375890939663218404e+01
1.885000000000000000e+03,3.374508069502120122e+01
1.885083333000000039e+03,3.373123151622615978e+01
1.885166666999999961e+03,3.371736000205493156e+01
1.885250000000000000e+03,3.370346984322809192e+01
1.885333333000000039e+03,3.368955918432423857e+01
1.885416666999999961e+03,3.367562616022180322e+01
1.885500000000000000e+03,3.366370760271594520e+01
1.885583333000000039e+03,3.364973806219962427e+01
1.885666666999999961e+03,3.408863024518547036e+01
1.885750000000000000e+03,3.408030436163205934e+01
1.885833333000000039e+03,3.407196932393711108e+01
1.885916666999999961e+03,3.407070553525885259e+01
1.886000000000000000e+03,3.406235813258267342e+01
1.886083333000000039e+03,3.405919799555496752e+01
1.886166666999999961e+03,3.405083482950631435e+01
1.886250000000000000e+03,3.404766684057568682e+01
1.886333333000000039e+03,3.403929147200716443e+01
1.886416666999999961e+03,3.403611382594051094e+01
1.886500000000000000e+03,3.402772444644091365e+01
1.886583333000000039e+03,3.402454071577245998e+01
1.886666666999999961e+03,1.542528539879465299e+01
1.886750000000000000e+03,1.542407809939099295e+01
1.886833333000000039e+03,1.542287924696716495e+01
1.886916666999999961e+03,1.542168849831567279e+01
1.887000000000000000e+03,1.542050657726814045e+01
1.887083333000000039e+03,1.541933313796365468e+01
1.887166666999999961e+03,1.541816784517123651e+01
1.887250000000000000e+03,1.541701140678012116e+01
1.887333333000000039e+03,1.541586348490094949e+01
1.887416666999999961e+03,1.541472375229361802e+01
1.887500000000000000e+03,1.541359290087541467e+01
1.887583333000000039e+03,1.541247060074280917e+01
1.887666666999999961e+03,1.560982464426487049e+01
1.887750000000000000e+03,1.560925475183615418e+01
1.887833333000000039e+03,1.560868468833402112e+01
1.887916666999999961e+03,1.560811381084940130e+01
1.888000000000000000e+03,1.560754341329323580e+01
1.888083333000000039e+03,1.560740450257309497e+01
1.888166666999999961e+03,1.560683267494783699e+01
1.888250000000000000e+03,1.560669241544663244e+01
1.888333333000000039e+03,1.560612045353747135e+01
1.888416666999999961e+03,1.560597820714259854e+01
1.888500000000000000e+03,1.560540547451439330e+01
1.888583333000000039e+03,1.560526253199276958e+01
1.888666666999999961e+03,1.875527933996626473e+01
1.888750000000000000e+03,1.876159524637105136e+01
1.888833333000000039e+03,1.876791887714643181e+01
1.888916666999999961e+03,1.877425251476566359e+01
1.889000000000000000e+03,1.878059160593545229e+01
1.889083333000000039e+03,1.878693843127979335e+01
1.889166666999999961e+03,1.879329527874342531e+01
1.889250000000000000e+03,1.879965758401456100e+01
1.889333333000000039e+03,1.880602763318933057e+01
1.889416666999999961e+03,1.881240771968100134e+01
1.889500000000000000e+03,1.881879326816440923e+01
1.889583333000000039e+03,1.882518657020539266e+01
1.889666666999999961e+03,1.535285505354102753e+01
1.889750000000000000e+03,1.535330460371166339e+01
1.889833333000000039e+03,1.535376465349358455e+01
1.889916666999999961e+03,1.535423534820763614e+01
1.890000000000000000e+03,1.535471643404730102e+01
1.890083333000000039e+03,1.535520805340477146e+01
1.890166666999999961e+03,1.535571036035491943e+01
1.890250000000000000e+03,1.535622308354629872e+01
1.890333333000000039e+03,1.535674637412103571e+01
1.890416666999999961e+03,1.535728039491938723e+01
1.890500000000000000e+03,1.535782485702141287e+01
1.890583333000000039e+03,1.535837992033058264e+01
1.890666666999999961e+03,3.656906991166762566e+01
1.890750000000000000e+03,3.657100473927670947e+01
1.890833333000000039e+03,3.657294263482665997e+01
1.890916666999999961e+03,3.657488638359276223e+01
1.891000000000000000e+03,3.657683041065900653e+01
1.891083333000000039e+03,3.657873922379807397e+01
1.891166666999999961e+03,3.658069216828447878e+01
1.891250000000000000e+03,3.658260711977160184e+01
1.891333333000000039e+03,3.658456340482427294e+01
1.891416666999999961e+03,3.658648727420223423e+01
1.891500000000000000e+03,3.658844968001240971e+01
1.891583333000000039e+03,3.659037689251894676e+01
1.891666666999999961e+03,3.935263319630210077e+01
1.891750000000000000e+03,3.936037528195478075e+01
1.891833333000000039e+03,3.936811130621519794e+01
1.891916666999999961e+03,3.937584338632280634e+01
1.892000000000000000e+03,3.938356724689188582e+01
1.892083333000000039e+03,3.939128500750801720e+01
1.892166666999999961e+03,3.939642702587151035e+01
1.892250000000000000e+03,3.940413543762744553e+01
1.892333333000000039e+03,3.940927072051714930e+01
1.892416666999999961e+03,3.941697186101562522e+01
1.892500000000000000e+03,3.942210249795569155e+01
1.892583333000000039e+03,3.942979208747984643e+01
1.892666666999999961e+03,4.189021943427416517e+01
1.892750000000000000e+03,4.189160661141719544e+01
1.892833333000000039e+03,4.189299149846785042e+01
1.892916666999999961e+03,4.189437319580844132e+01
1.893000000000000000e+03,4.189575351051082208e+01
1.893083333000000039e+03,4.189713154218282654e+01
1.893166666999999961e+03,4.189850639352870587e+01
1.893250000000000000e+03,4.189987986697806122e+01
1.893333333000000039e+03,4.190125106446134851e+01
1.893416666999999961e+03,4.190261909100090776e+01
1.893500000000000000e+03,4.190398574439021218e+01
1.893583333000000039e+03,4.190535012887877997e+01
1.893666666999999961e+03,3.788265576914972144e+01
1.893750000000000000e+03,3.789800193327824473e+01
1.893833333000000039e+03,3.791332963766620878e+01
1.893916666999999961e+03,3.792885305923191197e+01
1.894000000000000000e+03,3.794414341573101979e+01
1.894083333000000039e+03,3.795962629747991457e+01
1.894166666999999961e+03,3.797488164058549387e+01
1.894250000000000000e+03,3.799032632232165696e+01
1.894333333000000039e+03,3.800554147614029432e+01
1.894416666999999961e+03,3.802095028031931889e+01
1.894500000000000000e+03,3.803612757647998421e+01
1.894583333000000039e+03,3.805149534709083525e+01
1.894666666999999961e+03,3.963272622399268386e+01
1.894750000000000000e+03,3.962931140155355791e+01
1.894833333000000039e+03,3.962589363298173595e+01
1.894916666999999961e+03,3.962247135134168730e+01
1.895000000000000000e+03,3.961904768958522283e+01
1.895083333000000039e+03,3.961562108129660942e+01
1.895166666999999961e+03,3.961218995801635856e+01
1.895250000000000000e+03,3.960875745578260876e+01
1.895333333000000039e+03,3.960532200665500824e+01
1.895416666999999961e+03,3.960188204065437390e+01
1.895500000000000000e+03,3.959844069689729196e+01
1.895583333000000039e+03,3.959499640592253655e+01
1.895666666999999961e+03,3.505266443755388650e+01
1.895750000000000000e+03,3.504743204712703886e+01
1.895833333000000039e+03,3.504219883090723897e+01
1.895916666999999961e+03,3.503696310927702484e+01
1.896000000000000000e+03,3.503172825350140585e+01
1.896083333000000039e+03,3.502649258360744966e+01
1.896166666999999961e+03,3.502125442107244169e+01
1.896250000000000000e+03,3.501601713499577784e+01
1.896333333000000039e+03,3.501077904649632444e+01
1.896416666999999961e+03,3.500553847815389474e+01
1.896500000000000000e+03,3.500029879688626266e+01
1.896583333000000039e+03,3.499505832491156099e+01
1.896666666999999961e+03,2.651643991692749580e+01
1.896750000000000000e+03,2.651725313101294290e+01
1.896833333000000039e+03,2.651806483709807338e+01
1.896916666999999961e+03,2.651887387147113984e+01
1.897000000000000000e+03,2.651968256344236252e+01
1.897083333000000039e+03,2.652048974915172153e+01
1.897166666999999961e+03,2.652129426531901046e+01
1.897250000000000000e+03,2.652209844037835040e+01
1.897333333000000039e+03,2.652290111090228919e+01
1.897416666999999961e+03,2.652370111404113473e+01
1.897500000000000000e+03,2.652450077735657885e+01
1.897583333000000039e+03,2.652529893785279214e+01
1.897666666999999961e+03,3.242833524335681261e+01
1.897750000000000000e+03,3.241790660636076638e+01
1.897833333000000039e+03,3.240748745509770856e+01
1.897916666999999961e+03,3.239707640146454537e+01
1.898000000000000000e+03,3.238667624902382158e+01
1.898083333000000039e+03,3.237628560791146981e+01
1.898166666999999961e+03,3.236467786950774439e+01
1.898250000000000000e+03,3.235430759933154832e+01
1.898333333000000039e+03,3.234272440464944509e+01
1.898416666999999961e+03,3.233237315033864689e+01
1.898500000000000000e+03,3.232081314280154771e+01
1.898583333000000039e+03,3.231048371349525894e+01
1.898666666999999961e+03,2.592651235365198303e+01
1.898750000000000000e+03,2.592017081515790622e+01
1.898833333000000039e+03,2.591382164736149107e+01
1.898916666999999961e+03,2.590746355645158516e+01
1.899000000000000000e+03,2.590109908797684213e+01
1.899083333000000039e+03,2.589472694938592312e+01
1.899166666999999961e+03,2.588834584312054687e+01
1.899250000000000000e+03,2.588195832226343995e+01
1.899333333000000039e+03,2.587556309052274273e+01
1.899416666999999961e+03,2.586915884657388887e+01
1.899500000000000000e+03,2.586274815107372405e+01
1.899583333000000039e+03,2.585632970397147545e+01
1.899666666999999961e+03,2.181564165291839430e+01
1.899750000000000000e+03,2.180810760360511580e+01
1.899833333000000039e+03,2.180056688621386485e+01
1.899916666999999961e+03,2.179301745024158166e+01
1.900000000000000000e+03,2.178546338821945483e+01
1.900083333000000039e+03,2.177790265084146171e+01
1.900166666999999961e+03,2.177033318411428198e+01
1.900250000000000000e+03,2.176275908765007472e+01
1.900333333000000039e+03,2.175517830865195279e+01
1.900416666999999961e+03,2.174758878963878672e+01
1.900500000000000000e+03,2.173999463730047665e+01
1.900583333000000039e+03,2.173239379535214510e+01
1.900666666999999961e+03,4.804438583258924922e+00
1.900750000000000000e+03,4.805357651417134335e+00
1.900833333000000039e+03,4.806278095843929954e+00
1.900916666999999961e+03,4.807199345481069308e+00
1.901000000000000000e+03,4.808122526284935638e+00
1.901083333000000039e+03,4.809047068469813446e+00
1.901166666999999961e+03,4.809972397210088069e+00
1.901250000000000000e+03,4.810899646042432032e+00
1.901333333000000039e+03,4.811828241410476714e+00
1.901416666999999961e+03,4.812757604731875638e+00
1.901500000000000000e+03,4.813688877102805463e+00
1.901583333000000039e+03,4.814621481206518006e+00
1.901666666999999961e+03,1.657567242054191325e+01
1.901750000000000000e+03,1.655956045179256364e+01
1.901833333000000039e+03,1.654344066910079292e+01
1.901916666999999961e+03,1.652731051365049453e+01
1.902000000000000000e+03,1.651117519309219617e+01
1.902083333000000039e+03,1.649503214957943342e+01
1.902166666999999961e+03,1.647887882224179990e+01
1.902250000000000000e+03,1.646272042368181943e+01
1.902333333000000039e+03,1.644655439398466257e+01
1.902416666999999961e+03,1.643037817027409275e+01
1.902500000000000000e+03,1.641419697001034095e+01
1.902583333000000039e+03,1.639800823125644413e+01
1.902666666999999961e+03,4.674533888233623813e+00
1.902750000000000000e+03,4.673974163884595079e+00
1.902833333000000039e+03,4.673416280606758733e+00
1.902916666999999961e+03,4.672859912394540238e+00
1.903000000000000000e+03,4.672305727588942581e+00
1.903083333000000039e+03,4.671753398857508621e+00
1.903166666999999961e+03,4.671202604218287036e+00
1.903250000000000000e+03,4.670654004004249238e+00
1.903333333000000039e+03,4.670107274903208427e+00
1.903416666999999961e+03,4.669562098966718366e+00
1.903500000000000000e+03,4.669019128499767746e+00
1.903583333000000039e+03,4.668478044220415235e+00
1.903666666999999961e+03,5.682415527983939008e+00
1.903750000000000000e+03,5.686845971950186041e+00
1.903833333000000039e+03,5.691286795780903240e+00
1.903916666999999961e+03,5.695739340910535908e+00
1.904000000000000000e+03,5.700200947138215568e+00
1.904083333000000039e+03,5.704672953225085941e+00
1.904166666999999961e+03,5.709156708538047909e+00
1.904250000000000000e+03,5.713649536922065231e+00
1.904333333000000039e+03,5.718152785069475996e+00
1.904416666999999961e+03,5.722667810280627876e+00
1.904500000000000000e+03,5.727191920443039486e+00
1.904583333000000039e+03,5.731726470181853550e+00
1.904666666999999961e+03,3.066851491282050191e+01
1.904750000000000000e+03,3.066690315089302388e+01
1.904833333000000039e+03,3.066529191089861683e+01
1.904916666999999961e+03,3.066368251639853071e+01
1.905000000000000000e+03,3.066207233088198336e+01
1.905083333000000039e+03,3.066046267702200012e+01
1.905166666999999961e+03,3.065885488101007894e+01
1.905250000000000000e+03,3.065724630104253379e+01
1.905333333000000039e+03,3.065563826242459911e+01
1.905416666999999961e+03,3.065403209396978568e+01
1.905500000000000000e+03,3.065242514859733447e+01
1.905583333000000039e+03,3.064744758453167250e+01
1.905666666999999961e+03,1.686984827552472055e+01
1.905750000000000000e+03,1.686881801357132460e+01
1.905833333000000039e+03,1.686779186974253619e+01
1.905916666999999961e+03,1.686677326608511152e+01
1.906000000000000000e+03,1.686575535809159021e+01
1.906083333000000039e+03,1.686474156782875511e+01
1.906166666999999961e+03,1.686373531727801733e+01
1.906250000000000000e+03,1.686272976206186769e+01
1.906333333000000039e+03,1.686172832418538547e+01
1.906416666999999961e+03,1.686073442556331869e+01
1.906500000000000000e+03,1.685974122195165847e+01
1.906583333000000039e+03,1.685875213528603922e+01
1.906666666999999961e+03,3.107370890763608173e+01
1.906750000000000000e+03,3.107613207784871179e+01
1.906833333000000039e+03,3.107855275802261374e+01
1.906916666999999961e+03,3.108097200865467613e+01
1.907000000000000000e+03,3.108338768951653819e+01
1.907083333000000039e+03,3.108580086275457788e+01
1.907166666999999961e+03,3.108821258390100795e+01
1.907250000000000000e+03,3.109062072263997223e+01
1.907333333000000039e+03,3.109302633615552125e+01
1.907416666999999961e+03,3.109543047500870117e+01
1.907500000000000000e+03,3.109783101881244605e+01
1.907583333000000039e+03,3.110022901978049248e+01
1.907666666999999961e+03,2.865367488871000035e+01
1.907750000000000000e+03,2.865374193922101753e+01
1.907833333000000039e+03,2.865381153202987718e+01
1.907916666999999961e+03,2.865388579205107789e+01
1.908000000000000000e+03,2.865396046908865912e+01
1.908083333000000039e+03,2.865403768807538754e+01
1.908166666999999961e+03,2.865411957384834452e+01
1.908250000000000000e+03,2.865420187634267890e+01
1.908333333000000039e+03,2.865428672041338487e+01
1.908416666999999961e+03,2.865437623081113117e+01
1.908500000000000000e+03,2.865446615761680249e+01
1.908583333000000039e+03,2.865455862560086331e+01
1.908666666999999961e+03,2.405724006249838354e+01
1.908750000000000000e+03,2.405855227716499556e+01
1.908833333000000039e+03,2.405675653230191458e+01
1.908916666999999961e+03,2.405806306995424748e+01
1.909000000000000000e+03,2.405626338430276689e+01
1.909083333000000039e+03,2.405756757659787226e+01
1.909166666999999961e+03,2.405576228518684800e+01
1.909250000000000000e+03,2.405706246596301057e+01
1.909333333000000039e+03,2.405525490149763002e+01
1.909416666999999961e+03,2.405654940481237247e+01
1.909500000000000000e+03,2.405473790247059540e+01
1.909583333000000039e+03,2.405603005976262310e+01
1.909666666999999961e+03,3.057055815764032403e+01
1.909750000000000000e+03,3.057094765263216729e+01
1.909833333000000039e+03,3.057133570072087991e+01
1.909916666999999961e+03,3.057172113822315396e+01
1.910000000000000000e+03,3.057210629421743775e+01
1.910083333000000039e+03,3.057249000487587409e+01
1.910166666999999961e+03,3.057287110692958265e+01
1.910250000000000000e+03,3.057325192861217644e+01
1.910333333000000039e+03,3.057363130651109273e+01
1.910416666999999961e+03,3.057400807776700447e+01
1.910500000000000000e+03,3.057438456977668295e+01
1.910583333000000039e+03,3.057475961953928234e+01
1.910666666999999961e+03,2.117583001467333403e+01
1.910750000000000000e+03,2.117476156612318405e+01
1.910833333000000039e+03,2.117369167486996417e+01
1.910916666999999961e+03,2.117261901585141359e+01
1.911000000000000000e+03,2.117154624112234274e+01
1.911083333000000039e+03,2.117047202545992945e+01
1.911166666999999961e+03,2.116926181362642012e+01
1.911250000000000000e+03,2.116818473619553842e+01
1.911333333000000039e+03,2.116697302349466980e+01
1.911416666999999961e+03,2.116589176195338240e+01
1.911500000000000000e+03,2.116467722579671573e+01
1.911583333000000039e+03,2.116359443206220092e+01
1.911666666999999961e+03,2.893824847614850881e+01
1.911750000000000000e+03,2.893828301508981582e+01
1.911833333000000039e+03,2.893831568769652307e+01
1.911916666999999961e+03,2.893834493548900966e+01
1.912000000000000000e+03,2.893837387556506613e+01
1.912083333000000039e+03,2.893840094943731245e+01
1.912166666999999961e+03,2.893842459863556016e+01
1.912250000000000000e+03,2.893844794022954048e+01
1.912333333000000039e+03,2.893846941574180320e+01
1.912416666999999961e+03,2.893848746670875727e+01
1.912500000000000000e+03,2.893850521017653676e+01
1.912583333000000039e+03,2.893951012643461596e+01
1.912666666999999961e+03,1.759610174893531109e+01
1.912750000000000000e+03,1.759269963771053824e+01
1.912833333000000039e+03,1.758929605843738742e+01
1.912916666999999961e+03,1.758589005609321276e+01
1.913000000000000000e+03,1.758248352489384914e+01
1.913083333000000039e+03,1.757907550990437784e+01
1.913166666999999961e+03,1.757566505573841908e+01
1.913250000000000000e+03,1.757225405724234690e+01
1.913333333000000039e+03,1.756884155912049650e+01
1.913416666999999961e+03,1.756542660560972990e+01
1.913500000000000000e+03,1.756201109221264289e+01
1.913583333000000039e+03,1.755849891198343471e+01
1.913666666999999961e+03,2.122430164257870544e+01
1.913750000000000000e+03,2.122566064378500528e+01
1.913833333000000039e+03,2.122701823557052947e+01
1.913916666999999961e+03,2.122837308323442684e+01
1.914000000000000000e+03,2.122972785385691807e+01
1.914083333000000039e+03,2.123108121293995509e+01
1.914166666999999961e+03,2.123243182517870764e+01
1.914250000000000000e+03,2.123378235886882948e+01
1.914333333000000039e+03,2.123513147890799502e+01
1.914416666999999961e+03,2.123647784939012695e+01
1.914500000000000000e+03,2.123782413982063133e+01
1.914583333000000039e+03,2.123916901449523920e+01
1.914666666999999961e+03,8.453272701128785371e+00
1.914750000000000000e+03,8.449504649962790381e+00
1.914833333000000039e+03,8.445733179691245596e+00
1.914916666999999961e+03,8.441955902507505272e+00
1.915000000000000000e+03,8.438177590693078045e+00
1.915083333000000039e+03,8.434395856834111527e+00
1.915166666999999961e+03,8.430608311953813327e+00
1.915250000000000000e+03,8.426819730682305831e+00
1.915333333000000039e+03,8.423027724434289709e+00
1.915416666999999961e+03,8.419229903064890053e+00
1.915500000000000000e+03,8.415431043549940426e+00
1.915583333000000039e+03,8.411628756138449958e+00
1.915666666999999961e+03,1.581664535188093978e+01
1.915750000000000000e+03,1.581718934267150445e+01
1.915833333000000039e+03,1.581773189421815395e+01
1.915916666999999961e+03,1.581827184942163456e+01
1.916000000000000000e+03,1.581881152371339283e+01
1.916083333000000039e+03,1.581934975989631198e+01
1.916166666999999961e+03,1.581988540115714237e+01
1.916250000000000000e+03,1.582042076234663419e+01
1.916333333000000039e+03,1.582095468655324844e+01
1.916416666999999961e+03,1.582148601724696491e+01
1.916500000000000000e+03,1.582201706870175961e+01
1.916583333000000039e+03,1.582254668429071920e+01
1.916666666999999961e+03,6.634094942763744118e-01
1.916750000000000000e+03,6.567821813272149978e-01
1.916833333000000039e+03,6.501532797322967516e-01
1.916916666999999961e+03,6.435202615424305828e-01
1.917000000000000000e+03,6.368881985350004493e-01
1.917083333000000039e+03,6.302545622610625786e-01
1.917166666999999961e+03,6.236168263638394160e-01
1.917250000000000000e+03,6.169800595267356247e-01
1.917333333000000039e+03,6.103417348904943696e-01
1.917416666999999961e+03,6.036993277068689601e-01
1.917500000000000000e+03,5.970579035358224429e-01
1.917583333000000039e+03,5.904149371223413878e-01
1.917666666999999961e+03,1.263027590564033176e+01
1.917750000000000000e+03,1.263196830057525766e+01
1.917833333000000039e+03,1.263365824509032009e+01
1.917916666999999961e+03,1.263534396139263372e+01
1.918000000000000000e+03,1.263702900888295488e+01
1.918083333000000039e+03,1.263871160945405236e+01
1.918166666999999961e+03,1.264038998623821897e+01
1.918250000000000000e+03,1.264148223413230454e+01
1.918333333000000039e+03,1.264315761127210713e+01
1.918416666999999961e+03,1.264424347365578960e+01
1.918500000000000000e+03,1.264591407721575322e+01
1.918583333000000039e+03,1.264699711249729397e+01
1.918666666999999961e+03,-6.108032555364193428e+00
1.918750000000000000e+03,-6.108024935956485990e+00
1.918833333000000039e+03,-6.108017068782908510e+00
1.918916666999999961e+03,-6.108008747579786402e+00
1.919000000000000000e+03,-6.108000384509007397e+00
1.919083333000000039e+03,-6.107991773332290819e+00
1.919166666999999961e+03,-6.107982707671289369e+00
1.919250000000000000e+03,-6.107973599882617677e+00
1.919333333000000039e+03,-6.107964243616210709e+00
1.919416666999999961e+03,-6.107954432369900211e+00
1.919500000000000000e+03,-6.108143691379521734e+00
1.919583333000000039e+03,-6.108133624995057964e+00
1.919666666999999961e+03,-6.948184571058216852e-01
1.919750000000000000e+03,-6.956150347397178635e-01
1.919833333000000039e+03,-6.964144392947190232e-01
1.919916666999999961e+03,-6.972190687522137331e-01
1.920000000000000000e+03,-6.980241258398359738e-01
1.920083333000000039e+03,-6.988320086362594941e-01
1.920166666999999961e+03,-6.996451148137570186e-01
1.920250000000000000e+03,-7.004586476989216326e-01
1.920333333000000039e+03,-7.012750050657643452e-01
1.920416666999999961e+03,-7.020965842776315524e-01
1.920500000000000000e+03,-7.029185892660163582e-01
1.920583333000000039e+03,-7.037434174960898181e-01
1.920666666999999961e+03,5.031868749273538111e-01
1.920750000000000000e+03,5.085329374456830642e-01
1.920833333000000039e+03,5.138839381755322400e-01
1.920916666999999961e+03,5.192428411105528552e-01
1.921000000000000000e+03,5.246037240163914372e-01
1.921083333000000039e+03,5.299695500678044402e-01
1.921166666999999961e+03,5.353432856908310056e-01
1.921250000000000000e+03,5.407190037587487064e-01
1.921333333000000039e+03,5.460996698782916159e-01
1.921416666999999961e+03,5.514882529071533090e-01
1.921500000000000000e+03,5.568788208264522366e-01
1.921583333000000039e+03,5.622743416763892332e-01
1.921666666999999961e+03,-6.115704082443802925e+00
1.921750000000000000e+03,-6.115697965473247066e+00
1.921833333000000039e+03,-6.115691640786766747e+00
1.921916666999999961e+03,-6.115684935521509935e+00
1.922000000000000000e+03,-6.115678195051498456e+00
1.922083333000000039e+03,-6.115671246538068040e+00
1.922166666999999961e+03,-6.115663917007551298e+00
1.922250000000000000e+03,-6.115656552020732661e+00
1.922333333000000039e+03,-6.115648978631018196e+00
1.922416666999999961e+03,-6.115641023745209459e+00
1.922500000000000000e+03,-6.115633033128593965e+00
1.922583333000000039e+03,-6.115624833717853370e+00
1.922666666999999961e+03,1.594384072472313640e+01
1.922750000000000000e+03,1.594340159359724929e+01
1.922833333000000039e+03,1.594296559345614561e+01
1.922916666999999961e+03,1.594253534768395220e+01
1.923000000000000000e+03,1.594210561044643271e+01
1.923083333000000039e+03,1.594167900503316559e+01
1.923166666999999961e+03,1.594125815508989241e+01
1.923250000000000000e+03,1.594083781423793234e+01
1.923333333000000039e+03,1.594042060603042366e+01
1.923416666999999961e+03,1.594000915436471111e+01
1.923500000000000000e+03,1.593959821233375607e+01
1.923583333000000039e+03,1.593920301103510972e+01
1.923666666999999961e+03,-1.461415900502307741e+00
1.923750000000000000e+03,-1.435147141286732264e+00
1.923833333000000039e+03,-1.408816497539303159e+00
1.923916666999999961e+03,-1.382421512718807755e+00
1.924000000000000000e+03,-1.357240390518216877e+00
1.924083333000000039e+03,-1.345056202225278552e+00
1.924166666999999961e+03,-1.319787917970689728e+00
1.924250000000000000e+03,-1.307559984785972018e+00
1.924333333000000039e+03,-1.282210060127301432e+00
1.924416666999999961e+03,-1.269935862511478275e+00
1.924500000000000000e+03,-1.244468222412022707e+00
1.924583333000000039e+03,-1.232153114379884062e+00
1.924666666999999961e+03,2.102071591551515084e+01
1.924750000000000000e+03,2.102123782414619413e+01
1.924833333000000039e+03,2.102175893816730579e+01
1.924916666999999961e+03,2.102227964418925055e+01
1.925000000000000000e+03,2.102279915836053448e+01
1.925083333000000039e+03,2.102331786823198101e+01
1.925166666999999961e+03,2.102383615756917123e+01
1.925250000000000000e+03,2.102435324818988249e+01
1.925333333000000039e+03,2.102486952480251858e+01
1.925416666999999961e+03,2.102538536832017257e+01
1.925500000000000000e+03,2.102590000624369537e+01
1.925583333000000039e+03,2.102641382043141505e+01
1.925666666999999961e+03,1.753519208174861177e+01
1.925750000000000000e+03,1.754386947183265022e+01
1.925833333000000039e+03,1.755253990001097009e+01
1.925916666999999961e+03,1.756120558066667314e+01
1.926000000000000000e+03,1.756986203818232894e+01
1.926083333000000039e+03,1.757851148939377950e+01
1.926166666999999961e+03,1.758875011927111132e+01
1.926250000000000000e+03,1.758525004113313273e+01
1.926333333000000039e+03,1.759548283026955673e+01
1.926416666999999961e+03,1.759199321687337303e+01
1.926500000000000000e+03,1.760222235915400546e+01
1.926583333000000039e+03,1.759873876769311707e+01
1.926666666999999961e+03,1.910835036709132950e+01
1.926750000000000000e+03,1.911162026814201909e+01
1.926833333000000039e+03,1.911478239056112827e+01
1.926916666999999961e+03,1.911804379126240860e+01
1.927000000000000000e+03,1.912119891319907339e+01
1.927083333000000039e+03,1.912445457457644338e+01
1.927166666999999961e+03,1.912760132327955631e+01
1.927250000000000000e+03,1.913084987089500899e+01
1.927333333000000039e+03,1.913399100284964405e+01
1.927416666999999961e+03,1.913590340882876006e+01
1.927500000000000000e+03,1.913903832255544302e+01
1.927583333000000039e+03,1.914094700108695690e+01
1.927666666999999961e+03,1.601992063064783878e+01
1.927750000000000000e+03,1.604231692086038663e+01
1.927833333000000039e+03,1.606467512723680358e+01
1.927916666999999961e+03,1.608699773613501094e+01
1.928000000000000000e+03,1.610927945164740649e+01
1.928083333000000039e+03,1.613152276533315188e+01
1.928166666999999961e+03,1.615373014982494837e+01
1.928250000000000000e+03,1.616182680839884611e+01
1.928333333000000039e+03,1.618398082928840509e+01
1.928416666999999961e+03,1.619206511291285366e+01
1.928500000000000000e+03,1.621416813066170448e+01
1.928583333000000039e+03,1.622223479971060556e+01
1.928666666999999961e+03,1.644523778379520351e+01
1.928750000000000000e+03,1.644266947572355164e+01
1.928833333000000039e+03,1.644009896119055014e+01
1.928916666999999961e+03,1.643752451329402930e+01
1.929000000000000000e+03,1.643494958596940592e+01
1.929083333000000039e+03,1.643237245243666678e+01
1.929166666999999961e+03,1.642979138544292894e+01
1.929250000000000000e+03,1.642720983963819847e+01
1.929333333000000039e+03,1.642462608789292489e+01
1.929416666999999961e+03,1.642203840261014847e+01
1.929500000000000000e+03,1.641945023914734492e+01
1.929583333000000039e+03,1.641685987002796310e+01
1.929666666999999961e+03,2.022701370743915206e+01
1.929750000000000000e+03,2.022342349360188507e+01
1.929833333000000039e+03,2.021982599472162434e+01
1.929916666999999961e+03,2.021572787072486221e+01
1.930000000000000000e+03,2.021211497312912542e+01
1.930083333000000039e+03,2.020800067237069442e+01
1.930166666999999961e+03,2.020988826934042493e+01
1.930250000000000000e+03,2.020576729965870300e+01
1.930333333000000039e+03,2.020765548635609932e+01
1.930416666999999961e+03,2.020288488359567580e+01
1.930500000000000000e+03,2.020477322095763029e+01
1.930583333000000039e+03,2.019999485877281842e+01
1.930666666999999961e+03,1.504506065808400095e+01
1.930750000000000000e+03,1.504127994380804267e+01
1.930833333000000039e+03,1.503764033829151181e+01
1.930916666999999961e+03,1.503385404633799638e+01
1.931000000000000000e+03,1.503021060341190918e+01
1.931083333000000039e+03,1.502642223297153024e+01
1.931166666999999961e+03,1.502276736707756832e+01
1.931250000000000000e+03,1.501897517731888065e+01
1.931333333000000039e+03,1.501531823218813955e+01
1.931416666999999961e+03,1.501152048232161285e+01
1.931500000000000000e+03,1.500785971687766640e+01
1.931583333000000039e+03,1.500405990547356794e+01
1.931666666999999961e+03,2.102331648795719232e+01
1.931750000000000000e+03,2.101936461909151888e+01
1.931833333000000039e+03,2.101534341302452091e+01
1.931916666999999961e+03,2.101052294546462917e+01
1.932000000000000000e+03,2.100635125413905868e+01
1.932083333000000039e+03,2.100135455668737805e+01
1.932166666999999961e+03,2.099703248052145454e+01
1.932250000000000000e+03,2.099414642540297748e+01
1.932333333000000039e+03,2.098971054010717197e+01
1.932416666999999961e+03,2.098674855880422285e+01
1.932500000000000000e+03,2.098219872790021157e+01
1.932583333000000039e+03,2.097916183847324589e+01
1.932666666999999961e+03,1.065096478795436852e+01
1.932750000000000000e+03,1.064992104670686146e+01
1.932833333000000039e+03,1.064887581319782228e+01
1.932916666999999961e+03,1.064782773059167909e+01
1.933000000000000000e+03,1.064677951442164527e+01
1.933083333000000039e+03,1.064572980770025801e+01
1.933166666999999961e+03,1.064467725405807563e+01
1.933250000000000000e+03,1.064362456810649249e+01
1.933333333000000039e+03,1.064273251994102232e+01
1.933416666999999961e+03,1.064167547951528014e+01
1.933500000000000000e+03,1.064078040034577022e+01
1.933583333000000039e+03,1.063972172079228784e+01
1.933666666999999961e+03,1.248971999008955969e+01
1.933750000000000000e+03,1.248417393355387972e+01
1.933833333000000039e+03,1.247862804335598952e+01
1.933916666999999961e+03,1.247308073441632104e+01
1.934000000000000000e+03,1.246753519080660944e+01
1.934083333000000039e+03,1.246198982687142198e+01
1.934166666999999961e+03,1.246512143018338570e+01
1.934250000000000000e+03,1.245957317103181872e+01
1.934333333000000039e+03,1.246283498611152574e+01
1.934416666999999961e+03,1.245842154798870460e+01
1.934500000000000000e+03,1.246167933158857721e+01
1.934583333000000039e+03,1.245726402907441432e+01
1.934666666999999961e+03,7.266265655358123077e+00
1.934750000000000000e+03,7.267345064968269597e+00
1.934833333000000039e+03,7.268423346516602379e+00
1.934916666999999961e+03,7.269499553416597593e+00
1.935000000000000000e+03,7.270575579124713528e+00
1.935083333000000039e+03,7.271650477070912721e+00
1.935166666999999961e+03,7.272723300610735464e+00
1.935250000000000000e+03,7.273795943307538536e+00
1.935333333000000039e+03,7.274867458534554743e+00
1.935416666999999961e+03,7.275936899587174267e+00
1.935500000000000000e+03,7.277006160140227387e+00
1.935583333000000039e+03,7.278074293506308301e+00
1.935666666999999961e+03,9.858828076238642879e+00
1.935750000000000000e+03,9.853817957512363890e+00
1.935833333000000039e+03,9.848809555143462902e+00
1.935916666999999961e+03,9.843801634345384244e+00
1.936000000000000000e+03,9.838796667794753148e+00
1.936083333000000039e+03,9.833793419905205724e+00
1.936166666999999961e+03,9.835418448887043752e+00
1.936250000000000000e+03,9.830414405493499430e+00
1.936333333000000039e+03,9.832037077210724618e+00
1.936416666999999961e+03,9.827031009847674525e+00
1.936500000000000000e+03,9.828650091671736533e+00
1.936583333000000039e+03,9.823644472365119285e+00
1.936666666999999961e+03,7.521682467343059564e+00
1.936750000000000000e+03,7.522104465236496118e+00
1.936833333000000039e+03,7.522525322715234886e+00
1.936916666999999961e+03,7.522135033315788810e+00
1.937000000000000000e+03,7.522553605528465859e+00
1.937083333000000039e+03,7.522161984359240883e+00
1.937166666999999961e+03,7.522577316732352415e+00
1.937250000000000000e+03,7.522183409395728937e+00
1.937333333000000039e+03,7.522597411005518708e+00
1.937416666999999961e+03,7.522200263083873573e+00
1.937500000000000000e+03,7.522611979342392452e+00
1.937583333000000039e+03,7.522213500092017391e+00
1.937666666999999961e+03,9.788580981915650625e+00
1.937750000000000000e+03,9.782325647058783602e+00
1.937833333000000039e+03,9.776073848697189206e+00
1.937916666999999961e+03,9.769824361847719629e+00
1.938000000000000000e+03,9.763579634963102549e+00
1.938083333000000039e+03,9.764019719693871835e+00
1.938166666999999961e+03,9.757775488986135670e+00
1.938250000000000000e+03,9.758212408731465004e+00
1.938333333000000039e+03,9.751971124891575471e+00
1.938416666999999961e+03,9.752403662416496033e+00
1.938500000000000000e+03,9.746164108203313248e+00
1.938583333000000039e+03,9.746594710598131428e+00
1.938666666999999961e+03,2.118121168512790753e+00
1.938750000000000000e+03,2.119131965549073016e+00
1.938833333000000039e+03,2.120140557891460276e+00
1.938916666999999961e+03,2.121145208992950337e+00
1.939000000000000000e+03,2.122149394282160539e+00
1.939083333000000039e+03,2.123151377023511532e+00
1.939166666999999961e+03,2.124149421230059342e+00
1.939250000000000000e+03,2.125147001199108043e+00
1.939333333000000039e+03,2.126142380753142991e+00
1.939416666999999961e+03,2.127133824462560163e+00
1.939500000000000000e+03,2.128124805495751115e+00
1.939583333000000039e+03,2.129113588235946430e+00
1.939666666999999961e+03,-2.348589161456707597e+00
1.939750000000000000e+03,-2.345564947835178771e+00
1.939833333000000039e+03,-2.342544032206920424e+00
1.939916666999999961e+03,-2.339528804828212571e+00
1.940000000000000000e+03,-2.323453834924373407e+00
1.940083333000000039e+03,-2.320444685059701140e+00
1.940166666999999961e+03,-2.304391295583152033e+00
1.940250000000000000e+03,-2.301390610169907980e+00
1.940333333000000039e+03,-2.285354044542937224e+00
1.940416666999999961e+03,-2.282364204854530065e+00
1.940500000000000000e+03,-2.266346870771769773e+00
1.940583333000000039e+03,-2.263363101330934324e+00
1.940666666999999961e+03,2.300459827862562645e-01
1.940750000000000000e+03,2.225501870918757952e-01
1.940833333000000039e+03,2.150478386075763415e-01
1.940916666999999961e+03,2.075368702317796077e-01
1.941000000000000000e+03,2.000214081318060222e-01
1.941083333000000039e+03,1.924993863830955221e-01
1.941166666999999961e+03,1.849687344585019821e-01
1.941250000000000000e+03,1.774335854730302586e-01
1.941333333000000039e+03,1.698918700792751146e-01
1.941416666999999961e+03,1.623415143222896040e-01
1.941500000000000000e+03,1.547866582685974990e-01
1.941583333000000039e+03,1.472252291409266445e-01
1.941666666999999961e+03,6.919049520300241340e+00
1.941750000000000000e+03,6.911138383855722545e+00
1.941833333000000039e+03,6.903224607060326257e+00
1.941916666999999961e+03,6.895307179410570697e+00
1.942000000000000000e+03,6.892570788323038933e+00
1.942083333000000039e+03,6.884649831095894790e+00
1.942166666999999961e+03,6.881909537981015568e+00
1.942250000000000000e+03,6.873983988959469826e+00
1.942333333000000039e+03,6.871241651012078400e+00
1.942416666999999961e+03,6.863310447011643056e+00
1.942500000000000000e+03,6.860565075087080800e+00
1.942583333000000039e+03,6.852630000036851854e+00
1.942666666999999961e+03,-1.493630307554724146e+00
1.942750000000000000e+03,-1.501715712524932078e+00
1.942833333000000039e+03,-1.509807154027942966e+00
1.942916666999999961e+03,-1.517906932289006861e+00
1.943000000000000000e+03,-1.526010448030594491e+00
1.943083333000000039e+03,-1.534120000484573643e+00
1.943166666999999961e+03,-1.542237892739331873e+00
1.943250000000000000e+03,-1.550359519682703802e+00
1.943333333000000039e+03,-1.558487183408092003e+00
1.943416666999999961e+03,-1.566623189847860642e+00
1.943500000000000000e+03,-1.574762928078073054e+00
1.943583333000000039e+03,-1.582908703038929721e+00
1.943666666999999961e+03,-1.620583000295957277e+01
1.943750000000000000e+03,-1.620167600524711560e+01
1.943833333000000039e+03,-1.619751108189622002e+01
1.943916666999999961e+03,-1.619333626681848060e+01
1.944000000000000000e+03,-1.618357688960096041e+01
1.944083333000000039e+03,-1.617936328407406066e+01
1.944166666999999961e+03,-1.616950861518790816e+01
1.944250000000000000e+03,-1.616525737280185737e+01
1.944333333000000039e+03,-1.615531063609068596e+01
1.944416666999999961e+03,-1.615102295153436884e+01
1.944500000000000000e+03,-1.614098546880479645e+01
1.944583333000000039e+03,-1.613665940989854519e+01
1.944666666999999961e+03,-1.498836408783135710e+01
1.944750000000000000e+03,-1.499303573275695811e+01
1.944833333000000039e+03,-1.499770424198787921e+01
1.944916666999999961e+03,-1.500237121565927190e+01
1.945000000000000000e+03,-1.500703342275192220e+01
1.945083333000000039e+03,-1.501169246511702049e+01
1.945166666999999961e+03,-1.501634993766358050e+01
1.945250000000000000e+03,-1.502100261974628559e+01
1.945333333000000039e+03,-1.502565210799237505e+01
1.945416666999999961e+03,-1.503029999206520451e+01
1.945500000000000000e+03,-1.503494306172916239e+01
1.945583333000000039e+03,-1.503958290837086587e+01
1.945666666999999961e+03,2.496166162353305129e+00
1.945750000000000000e+03,2.488583262183742928e+00
1.945833333000000039e+03,2.480991818291683249e+00
1.945916666999999961e+03,2.482511924677598625e+00
1.946000000000000000e+03,2.474911242510438925e+00
1.946083333000000039e+03,2.476430175533613109e+00
1.946166666999999961e+03,2.468818571643561111e+00
1.946250000000000000e+03,2.470334659075955841e+00
1.946333333000000039e+03,2.462715460553984048e+00
1.946416666999999961e+03,2.464227026339353088e+00
1.946500000000000000e+03,2.456598548254760761e+00
1.946583333000000039e+03,2.458108933037888466e+00
1.946666666999999961e+03,-9.384551080734211403e-01
1.946750000000000000e+03,-9.591134241238451486e-01
1.946833333000000039e+03,-9.797990935879166141e-01
1.946916666999999961e+03,-1.000514311600201989e+00
1.947000000000000000e+03,-1.021254568149485342e+00
1.947083333000000039e+03,-1.042022054869098602e+00
1.947166666999999961e+03,-1.062818973717713167e+00
1.947250000000000000e+03,-1.083640797385467369e+00
1.947333333000000039e+03,-1.104489724346780610e+00
1.947416666999999961e+03,-1.125367963325763832e+00
1.947500000000000000e+03,-1.146270969814629170e+00
1.947583333000000039e+03,-1.167200949073304628e+00
1.947666666999999961e+03,-1.687227438731898843e+01
1.947750000000000000e+03,-1.687224111657021552e+01
1.947833333000000039e+03,-1.687209101223615093e+01
1.947916666999999961e+03,-1.687204143389765676e+01
1.948000000000000000e+03,-1.687183209966331177e+01
1.948083333000000039e+03,-1.687176622226584044e+01
1.948166666999999961e+03,-1.687149778990019655e+01
1.948250000000000000e+03,-1.687141569430771426e+01
1.948333333000000039e+03,-1.687108819219478306e+01
1.948416666999999961e+03,-1.687098998114978343e+01
1.948500000000000000e+03,-1.687060354782162719e+01
1.948583333000000039e+03,-1.687048918290582833e+01
1.948666666999999961e+03,-1.687223544983244850e+01
1.948750000000000000e+03,-1.687222341018815897e+01
1.948833333000000039e+03,-1.687221095613573496e+01
1.948916666999999961e+03,-1.687221134109924137e+01
1.949000000000000000e+03,-1.687219846014065538e+01
1.949083333000000039e+03,-1.687219883080508254e+01
1.949166666999999961e+03,-1.687218549881216845e+01
1.949250000000000000e+03,-1.687218583440067476e+01
1.949333333000000039e+03,-1.687217208407481195e+01
1.949416666999999961e+03,-1.687217236209626137e+01
1.949500000000000000e+03,-1.687215816868145168e+01
1.949583333000000039e+03,-1.687215842628638995e+01
1.949666666999999961e+03,-9.338973358226481114e-01
1.949750000000000000e+03,-9.430857397298658684e-01
1.949833333000000039e+03,-9.522816352719224442e-01
1.949916666999999961e+03,-9.493026340183752243e-01
1.950000000000000000e+03,-9.585071294965047395e-01
1.950083333000000039e+03,-9.555300624453805236e-01
1.950166666999999961e+03,-9.647453951708540032e-01
1.950250000000000000e+03,-9.617650294285368107e-01
1.950333333000000039e+03,-9.709867417081875507e-01
1.950416666999999961e+03,-9.680127749583717911e-01
1.950500000000000000e+03,-9.772431052887147196e-01
1.950583333000000039e+03,-9.742710764747642971e-01
1.950666666999999961e+03,-1.701026999494576364e+00
1.950750000000000000e+03,-1.719336321473701412e+00
1.950833333000000039e+03,-1.737664784703563114e+00
1.950916666999999961e+03,-1.756014685546997134e+00
1.951000000000000000e+03,-1.774381338379455109e+00
1.951083333000000039e+03,-1.792767037026454791e+00
1.951166666999999961e+03,-1.811174083464248907e+00
1.951250000000000000e+03,-1.829597778838623956e+00
1.951333333000000039e+03,-1.848040422600781829e+00
1.951416666999999961e+03,-1.866504322306140828e+00
1.951500000000000000e+03,-1.884984765951141394e+00
1.951583333000000039e+03,-1.903484058575604765e+00
1.951666666999999961e+03,-1.667710415040085792e+01
1.951750000000000000e+03,-1.668130584168777375e+01
1.951833333000000039e+03,-1.668308835330537221e+01
1.951916666999999961e+03,-1.668722275260398291e+01
1.952000000000000000e+03,-1.668897593780767252e+01
1.952083333000000039e+03,-1.669304423062270359e+01
1.952166666999999961e+03,-1.669476760138132931e+01
1.952250000000000000e+03,-1.669876930711235019e+01
1.952333333000000039e+03,-1.670046400712700319e+01
1.952416666999999961e+03,-1.670439866590920985e+01
1.952500000000000000e+03,-1.670606421020614007e+01
1.952583333000000039e+03,-1.670993295649015309e+01
1.952666666999999961e+03,-1.564493508530747512e+01
1.952750000000000000e+03,-1.564739878824792463e+01
1.952833333000000039e+03,-1.564985837045465011e+01
1.952916666999999961e+03,-1.565231242737337425e+01
1.953000000000000000e+03,-1.565476378351540276e+01
1.953083333000000039e+03,-1.565721103294965211e+01
1.953166666999999961e+03,-1.565965277523018351e+01
1.953250000000000000e+03,-1.566209182663743960e+01
1.953333333000000039e+03,-1.566452678534975540e+01
1.953416666999999961e+03,-1.566695625502406841e+01
1.953500000000000000e+03,-1.566938304371967838e+01
1.953583333000000039e+03,-1.567180575372240625e+01
1.953666666999999961e+03,-9.590629688188725410e+00
1.953750000000000000e+03,-9.594025339630210425e+00
1.953833333000000039e+03,-9.597423732816624309e+00
1.953916666999999961e+03,-9.614857061390852166e+00
1.954000000000000000e+03,-9.618259547935512188e+00
1.954083333000000039e+03,-9.635687115121037039e+00
1.954166666999999961e+03,-9.639096237787800447e+00
1.954250000000000000e+03,-9.656520518206667347e+00
1.954333333000000039e+03,-9.659931122405346571e+00
1.954416666999999961e+03,-9.677354587516594719e+00
1.954500000000000000e+03,-9.680769215548519213e+00
1.954583333000000039e+03,-9.698186644954187585e+00
1.954666666999999961e+03,-7.681167543858590463e+00
1.954750000000000000e+03,-7.700756845759048730e+00
1.954833333000000039e+03,-7.720347093907353297e+00
1.954916666999999961e+03,-7.739940857360861237e+00
1.955000000000000000e+03,-7.759532787757523309e+00
1.955083333000000039e+03,-7.779125454162855391e+00
1.955166666999999961e+03,-7.798721424356207521e+00
1.955250000000000000e+03,-7.818315351316770467e+00
1.955333333000000039e+03,-7.837909802865081765e+00
1.955416666999999961e+03,-7.857507345426363976e+00
1.955500000000000000e+03,-7.877102633484986072e+00
1.955583333000000039e+03,-7.896698233539203748e+00
1.955666666999999961e+03,-1.687218326554739534e+01
1.955750000000000000e+03,-1.687210091594015537e+01
1.955833333000000039e+03,-1.687213490336285204e+01
1.955916666999999961e+03,-1.687204504949914963e+01
1.956000000000000000e+03,-1.687208208290231681e+01
1.956083333000000039e+03,-1.687198470467508926e+01
1.956166666999999961e+03,-1.687202481342054838e+01
1.956250000000000000e+03,-1.687191996112622761e+01
1.956333333000000039e+03,-1.687196309639066527e+01
1.956416666999999961e+03,-1.687185082287887994e+01
1.956500000000000000e+03,-1.687189701269903352e+01
1.956583333000000039e+03,-1.687177728620381245e+01
1.956666666999999961e+03,-1.593140998408579101e+01
1.956750000000000000e+03,-1.592778977863742718e+01
1.956833333000000039e+03,-1.592416133080833696e+01
1.956916666999999961e+03,-1.592052338518595889e+01
1.957000000000000000e+03,-1.591687843041851735e+01
1.957083333000000039e+03,-1.591322521344018170e+01
1.957166666999999961e+03,-1.590956247184218952e+01
1.957250000000000000e+03,-1.590589270831421054e+01
1.957333333000000039e+03,-1.590221466279387741e+01
1.957416666999999961e+03,-1.589852706586927589e+01
1.957500000000000000e+03,-1.589483243427870995e+01
1.957583333000000039e+03,-1.589112950095920773e+01
1.957666666999999961e+03,-1.652981304183158784e+01
1.957750000000000000e+03,-1.652801999456019288e+01
1.957833333000000039e+03,-1.652622332178504294e+01
1.957916666999999961e+03,-1.652843908864351263e+01
1.958000000000000000e+03,-1.652664522616171894e+01
1.958083333000000039e+03,-1.652886069807360414e+01
1.958166666999999961e+03,-1.652707038500746606e+01
1.958250000000000000e+03,-1.652928628164369584e+01
1.958333333000000039e+03,-1.652749805818044138e+01
1.958416666999999961e+03,-1.652971510015320433e+01
1.958500000000000000e+03,-1.652792970721279886e+01
1.958583333000000039e+03,-1.653014641611382629e+01
1.958666666999999961e+03,-1.576578205212299721e+01
1.958750000000000000e+03,-1.577266504417058535e+01
1.958833333000000039e+03,-1.577952977986957706e+01
1.958916666999999961e+03,-1.578637748975815036e+01
1.959000000000000000e+03,-1.579320561108222520e+01
1.959083333000000039e+03,-1.580001537804451495e+01
1.959166666999999961e+03,-1.580680801025416571e+01
1.959250000000000000e+03,-1.581358096689425885e+01
1.959333333000000039e+03,-1.582033547125068118e+01
1.959416666999999961e+03,-1.582707273196465003e+01
1.959500000000000000e+03,-1.583379023023674215e+01
1.959583333000000039e+03,-1.584048917840041959e+01
1.959666666999999961e+03,-1.686999519930874669e+01
1.959750000000000000e+03,-1.686985017327958047e+01
1.959833333000000039e+03,-1.686970101299316838e+01
1.959916666999999961e+03,-1.686990908639069175e+01
1.960000000000000000e+03,-1.686976177958957734e+01
1.960083333000000039e+03,-1.686996755324679853e+01
1.960166666999999961e+03,-1.686982216839874127e+01
1.960250000000000000e+03,-1.687002569014263287e+01
1.960333333000000039e+03,-1.686988210439787750e+01
1.960416666999999961e+03,-1.687008342236828540e+01
1.960500000000000000e+03,-1.686994170598837073e+01
1.960583333000000039e+03,-1.687014067818008556e+01
1.960666666999999961e+03,-1.650927394388271097e+01
1.960750000000000000e+03,-1.650691385159059976e+01
1.960833333000000039e+03,-1.650431400017815164e+01
1.960916666999999961e+03,-1.650193532669851137e+01
1.961000000000000000e+03,-1.649931609755740780e+01
1.961083333000000039e+03,-1.649692037307799097e+01
1.961166666999999961e+03,-1.649428094426042080e+01
1.961250000000000000e+03,-1.649186735297489292e+01
1.961333333000000039e+03,-1.648920926967833367e+01
1.961416666999999961e+03,-1.648677698252640766e+01
1.961500000000000000e+03,-1.648409942013717711e+01
1.961583333000000039e+03,-1.648174620932312351e+01
1.961666666999999961e+03,-1.633306324968179979e+01
1.961750000000000000e+03,-1.633477731680745748e+01
1.961833333000000039e+03,-1.633648752580474550e+01
1.961916666999999961e+03,-1.633304869180563657e+01
1.962000000000000000e+03,-1.633475939831840051e+01
1.962083333000000039e+03,-1.633131378239636788e+01
1.962166666999999961e+03,-1.633302404097742055e+01
1.962250000000000000e+03,-1.632957067862692924e+01
1.962333333000000039e+03,-1.633128237794331028e+01
1.962416666999999961e+03,-1.632782030310265498e+01
1.962500000000000000e+03,-1.632953249913683180e+01
1.962583333000000039e+03,-1.632606358442608396e+01
1.962666666999999961e+03,-1.634486027011890386e+01
1.962750000000000000e+03,-1.634301853939131632e+01
1.962833333000000039e+03,-1.634117252820617949e+01
1.962916666999999961e+03,-1.633932129293462765e+01
1.963000000000000000e+03,-1.633746670304899595e+01
1.963083333000000039e+03,-1.633560781653243410e+01
1.963166666999999961e+03,-1.633374368489637263e+01
1.963250000000000000e+03,-1.633187618731996338e+01
1.963333333000000039e+03,-1.633000437693089424e+01
1.963416666999999961e+03,-1.632793291841991135e+01
1.963500000000000000e+03,-1.632605213453596704e+01
1.963583333000000039e+03,-1.632397193924558465e+01
1.963666666999999961e+03,-1.636380828327355275e+01
1.963750000000000000e+03,-1.636501418722782475e+01
1.963833333000000039e+03,-1.636621755739615836e+01
1.963916666999999961e+03,-1.636241458334075460e+01
1.964000000000000000e+03,-1.636361885600098631e+01
1.964083333000000039e+03,-1.635980497073145656e+01
1.964166666999999961e+03,-1.636100921953488907e+01
1.964250000000000000e+03,-1.635718347938049178e+01
1.964333333000000039e+03,-1.635838953737628998e+01
1.964416666999999961e+03,-1.635455099506046395e+01
1.964500000000000000e+03,-1.635575793691826263e+01
1.964583333000000039e+03,-1.635190841284500962e+01
1.964666666999999961e+03,-1.636922274344136596e+01
1.964750000000000000e+03,-1.636824940490128100e+01
1.964833333000000039e+03,-1.636727405250519141e+01
1.964916666999999961e+03,-1.636629576884041271e+01
1.965000000000000000e+03,-1.636531637869342148e+01
1.965083333000000039e+03,-1.636433496552369604e+01
1.965166666999999961e+03,-1.636335060926977292e+01
1.965250000000000000e+03,-1.636236513998484199e+01
1.965333333000000039e+03,-1.636137763848200422e+01
1.965416666999999961e+03,-1.636038718204467557e+01
1.965500000000000000e+03,-1.635939560600790443e+01
1.965583333000000039e+03,-1.635840198853215099e+01
1.965666666999999961e+03,-1.637377281019160691e+01
1.965750000000000000e+03,-1.637536206330161903e+01
1.965833333000000039e+03,-1.637694768988873761e+01
1.965916666999999961e+03,-1.637852879175438403e+01
1.966000000000000000e+03,-1.637516697787302178e+01
1.966083333000000039e+03,-1.637674966679963617e+01
1.966166666999999961e+03,-1.637337879538113228e+01
1.966250000000000000e+03,-1.637496216703476648e+01
1.966333333000000039e+03,-1.637158402941678403e+01
1.966416666999999961e+03,-1.637316717314616810e+01
1.966500000000000000e+03,-1.636978083975301601e+01
1.966583333000000039e+03,-1.637136557225757727e+01
1.966666666999999961e+03,-1.639300779515694728e+01
1.966750000000000000e+03,-1.639006572274168505e+01
1.966833333000000039e+03,-1.638711367376205530e+01
1.966916666999999961e+03,-1.638415074181060049e+01
1.967000000000000000e+03,-1.638117871234312517e+01
1.967083333000000039e+03,-1.637819668167684739e+01
1.967166666999999961e+03,-1.637520373528645123e+01
1.967250000000000000e+03,-1.637220167492760936e+01
1.967333333000000039e+03,-1.636918958880198005e+01
1.967416666999999961e+03,-1.636616655425682154e+01
1.967500000000000000e+03,-1.636313438936150888e+01
1.967583333000000039e+03,-1.636009217419420736e+01
1.967666666999999961e+03,-1.637090434827660701e+01
1.967750000000000000e+03,-1.637318972146506368e+01
1.967833333000000039e+03,-1.637546879135018330e+01
1.967916666999999961e+03,-1.637774066103790105e+01
1.968000000000000000e+03,-1.638000714778286238e+01
1.968083333000000039e+03,-1.638212603420985047e+01
1.968166666999999961e+03,-1.637946048351471262e+01
1.968250000000000000e+03,-1.638157839158950324e+01
1.968333333000000039e+03,-1.637891011276020947e+01
1.968416666999999961e+03,-1.638102614636507681e+01
1.968500000000000000e+03,-1.637835422304633326e+01
1.968583333000000039e+03,-1.638047019301087914e+01
1.968666666999999961e+03,-1.638576285575434355e+01
1.968750000000000000e+03,-1.638547487789002233e+01
1.968833333000000039e+03,-1.638518574540515615e+01
1.968916666999999961e+03,-1.638489455985944687e+01
1.969000000000000000e+03,-1.638460311507023448e+01
1.969083333000000039e+03,-1.638431051285720486e+01
1.969166666999999961e+03,-1.638401585396685078e+01
1.969250000000000000e+03,-1.638372394060834125e+01
1.969333333000000039e+03,-1.638342786105540938e+01
1.969416666999999961e+03,-1.638313272978030000e+01
1.969500000000000000e+03,-1.638283432745745927e+01
1.969583333000000039e+03,-1.638253777244185017e+01
1.969666666999999961e+03,-1.639176209650718974e+01
1.969750000000000000e+03,-1.639189989381445400e+01
1.969833333000000039e+03,-1.639247275472646592e+01
1.969916666999999961e+03,-1.639260741823424183e+01
1.970000000000000000e+03,-1.639317771879924024e+01
1.970083333000000039e+03,-1.638843696161094599e+01
1.970166666999999961e+03,-1.638900674804872182e+01
1.970250000000000000e+03,-1.638426291380191202e+01
1.970333333000000039e+03,-1.638483394672186932e+01
1.970416666999999961e+03,-1.638006685443128063e+01
1.970500000000000000e+03,-1.638063822433770866e+01
1.970583333000000039e+03,-1.637584963911193014e+01
1.970666666999999961e+03,-1.639554140386946202e+01
1.970750000000000000e+03,-1.639458793139092663e+01
1.970833333000000039e+03,-1.639363246105205718e+01
1.970916666999999961e+03,-1.639267409941436071e+01
1.971000000000000000e+03,-1.639171462323688999e+01
1.971083333000000039e+03,-1.639075313995894234e+01
1.971166666999999961e+03,-1.638978875347466513e+01
1.971250000000000000e+03,-1.638882324584649908e+01
1.971333333000000039e+03,-1.638785572185117445e+01
1.971416666999999961e+03,-1.638688528270822076e+01
1.971500000000000000e+03,-1.638591371579961020e+01
1.971583333000000039e+03,-1.638494012322862048e+01
1.971666666999999961e+03,-1.641459981368149457e+01
1.971750000000000000e+03,-1.641383091918649484e+01
1.971833333000000039e+03,-1.641306035086414639e+01
1.971916666999999961e+03,-1.641276337799434515e+01
1.972000000000000000e+03,-1.641198984507343894e+01
1.972083333000000039e+03,-1.640691090454533807e+01
1.972166666999999961e+03,-1.640754378175660122e+01
1.972250000000000000e+03,-1.640243853067015323e+01
1.972333333000000039e+03,-1.640307326182528058e+01
1.972416666999999961e+03,-1.639794078245006403e+01
1.972500000000000000e+03,-1.639857647384624428e+01
1.972583333000000039e+03,-1.639341849541051843e+01
1.972666666999999961e+03,-1.640268373778322797e+01
1.972750000000000000e+03,-1.640265239593431801e+01
1.972833333000000039e+03,-1.640280064388788972e+01
1.972916666999999961e+03,-1.640276631395003548e+01
1.973000000000000000e+03,-1.640291243341143002e+01
1.973083333000000039e+03,-1.640285782370328604e+01
1.973166666999999961e+03,-1.640300093814477123e+01
1.973250000000000000e+03,-1.640294422337817792e+01
1.973333333000000039e+03,-1.640308609559220798e+01
1.973416666999999961e+03,-1.640302639525367212e+01
1.973500000000000000e+03,-1.640316614552707719e+01
1.973583333000000039e+03,-1.640310522123666104e+01
1.973666666999999961e+03,-1.639173697043002065e+01
1.973750000000000000e+03,-1.639243563753304755e+01
1.973833333000000039e+03,-1.639313272407872546e+01
1.973916666999999961e+03,-1.639382734310381906e+01
1.974000000000000000e+03,-1.639452127617104082e+01
1.974083333000000039e+03,-1.639521363566669621e+01
1.974166666999999961e+03,-1.639104255998571702e+01
1.974250000000000000e+03,-1.639173533744234845e+01
1.974333333000000039e+03,-1.638690558426831245e+01
1.974416666999999961e+03,-1.638759833740140692e+01
1.974500000000000000e+03,-1.638274592679114150e+01
1.974583333000000039e+03,-1.638344043108944703e+01
1.974666666999999961e+03,-1.640982479795785309e+01
1.974750000000000000e+03,-1.640557401168127782e+01
1.974833333000000039e+03,-1.640130289492504545e+01
1.974916666999999961e+03,-1.639701055129818386e+01
1.975000000000000000e+03,-1.639269873950934198e+01
1.975083333000000039e+03,-1.638836656722966723e+01
1.975166666999999961e+03,-1.638401312621728323e+01
1.975250000000000000e+03,-1.637964019922402059e+01
1.975333333000000039e+03,-1.637524688207243528e+01
1.975416666999999961e+03,-1.637083225466824743e+01
1.975500000000000000e+03,-1.636639812381081072e+01
1.975583333000000039e+03,-1.636194357347218897e+01
1.975666666999999961e+03,-1.640076367545154667e+01
1.975750000000000000e+03,-1.640049686661020800e+01
1.975833333000000039e+03,-1.640022892910218388e+01
1.975916666999999961e+03,-1.639995897843932582e+01
1.976000000000000000e+03,-1.639966966243150637e+01
1.976083333000000039e+03,-1.639939832822209453e+01
1.976166666999999961e+03,-1.639426109756235306e+01
1.976250000000000000e+03,-1.639398617376458134e+01
1.976333333000000039e+03,-1.638881871719977568e+01
1.976416666999999961e+03,-1.638853928600641296e+01
1.976500000000000000e+03,-1.638334067627958390e+01
1.976583333000000039e+03,-1.638305850186506873e+01
1.976666666999999961e+03,-1.640607535994124433e+01
1.976750000000000000e+03,-1.640376859107885110e+01
1.976833333000000039e+03,-1.640145513930559318e+01
1.976916666999999961e+03,-1.639913411329620629e+01
1.977000000000000000e+03,-1.639680727270944161e+01
1.977083333000000039e+03,-1.639447372837917172e+01
1.977166666999999961e+03,-1.639213258250441640e+01
1.977250000000000000e+03,-1.638978560770530279e+01
1.977333333000000039e+03,-1.638743190834424723e+01
1.977416666999999961e+03,-1.638507058013572504e+01
1.977500000000000000e+03,-1.638270340867657993e+01
1.977583333000000039e+03,-1.638032949184859532e+01
1.977666666999999961e+03,-1.639382785472617954e+01
1.977750000000000000e+03,-1.639427348961832465e+01
1.977833333000000039e+03,-1.639471784813658317e+01
1.977916666999999961e+03,-1.639516004371368751e+01
1.978000000000000000e+03,-1.639560185437816386e+01
1.978083333000000039e+03,-1.639604675588356031e+01
1.978166666999999961e+03,-1.639648513533710528e+01
1.978250000000000000e+03,-1.639207169758075366e+01
1.978333333000000039e+03,-1.639251070781204689e+01
1.978416666999999961e+03,-1.638807605070433837e+01
1.978500000000000000e+03,-1.638851478938912720e+01
1.978583333000000039e+03,-1.638406066503512193e+01
1.978666666999999961e+03,-1.640861239015728046e+01
1.978750000000000000e+03,-1.640582100646526342e+01
1.978833333000000039e+03,-1.640302027927031148e+01
1.978916666999999961e+03,-1.640020931713307917e+01
1.979000000000000000e+03,-1.639738987614411769e+01
1.979083333000000039e+03,-1.639454184638771395e+01
1.979166666999999961e+03,-1.639170271438969806e+01
1.979250000000000000e+03,-1.638883575242327595e+01
1.979333333000000039e+03,-1.638597867711670730e+01
1.979416666999999961e+03,-1.638309185419910108e+01
1.979500000000000000e+03,-1.638021591218330286e+01
1.979583333000000039e+03,-1.637731099181357308e+01
1.979666666999999961e+03,-1.638411070237736311e+01
1.979750000000000000e+03,-1.638286717345473775e+01
1.979833333000000039e+03,-1.638162101268141413e+01
1.979916666999999961e+03,-1.638037131450475314e+01
1.980000000000000000e+03,-1.637911987714141304e+01
1.980083333000000039e+03,-1.637786579616977178e+01
1.980166666999999961e+03,-1.637660816260931895e+01
1.980250000000000000e+03,-1.637038497009002569e+01
1.980333333000000039e+03,-1.636911676367089896e+01
1.980416666999999961e+03,-1.636284417800695934e+01
1.980500000000000000e+03,-1.636156446079978366e+01
1.980583333000000039e+03,-1.635524427019525717e+01
1.980666666999999961e+03,-1.639271046346220473e+01
1.980750000000000000e+03,-1.638875394934317598e+01
1.980833333000000039e+03,-1.638478026487204531e+01
1.980916666999999961e+03,-1.638078849914643698e+01
1.981000000000000000e+03,-1.637678044142045053e+01
1.981083333000000039e+03,-1.637275518448840117e+01
1.981166666999999961e+03,-1.636871180659585789e+01
1.981250000000000000e+03,-1.636465211893999339e+01
1.981333333000000039e+03,-1.636057520346521343e+01
1.981416666999999961e+03,-1.635648012756030667e+01
1.981500000000000000e+03,-1.635236872437329581e+01
1.981583333000000039e+03,-1.634824006499342275e+01
1.981666666999999961e+03,-1.636392399319280955e+01
1.981750000000000000e+03,-1.636512694038730942e+01
1.981833333000000039e+03,-1.636632736059739202e+01
1.981916666999999961e+03,-1.636750459039017258e+01
1.982000000000000000e+03,-1.636869999283972277e+01
1.982083333000000039e+03,-1.636987317192311764e+01
1.982166666999999961e+03,-1.636607768534922869e+01
1.982250000000000000e+03,-1.636725174659635584e+01
1.982333333000000039e+03,-1.636344521676194574e+01
1.982416666999999961e+03,-1.636461923683258135e+01
1.982500000000000000e+03,-1.636080072320581280e+01
1.982583333000000039e+03,-1.636197652842662720e+01
1.982666666999999961e+03,-1.639408187652207971e+01
1.982750000000000000e+03,-1.639072496656580924e+01
1.982833333000000039e+03,-1.638735536410641203e+01
1.982916666999999961e+03,-1.638415633706698671e+01
1.983000000000000000e+03,-1.638076195217426090e+01
1.983083333000000039e+03,-1.637754025913407574e+01
1.983166666999999961e+03,-1.637412015229827844e+01
1.983250000000000000e+03,-1.637087486024561755e+01
1.983333333000000039e+03,-1.636743080779295667e+01
1.983416666999999961e+03,-1.636416096864779846e+01
1.983500000000000000e+03,-1.636069202816509005e+01
1.983583333000000039e+03,-1.635739943689916487e+01
1.983666666999999961e+03,-1.635707951980999297e+01
1.983750000000000000e+03,-1.635662570738684707e+01
1.983833333000000039e+03,-1.635617059772805604e+01
1.983916666999999961e+03,-1.635571326560419436e+01
1.984000000000000000e+03,-1.635525555679331333e+01
1.984083333000000039e+03,-1.635479654646526271e+01
1.984166666999999961e+03,-1.635433530815681280e+01
1.984250000000000000e+03,-1.635387369007939640e+01
1.984333333000000039e+03,-1.634833960321189750e+01
1.984416666999999961e+03,-1.634787226839266339e+01
1.984500000000000000e+03,-1.634230440901890802e+01
1.984583333000000039e+03,-1.634183319300503712e+01
1.984666666999999961e+03,-1.636208170450018429e+01
1.984750000000000000e+03,-1.635820706426014226e+01
1.984833333000000039e+03,-1.635431681979978435e+01
1.984916666999999961e+03,-1.635041003335196308e+01
1.985000000000000000e+03,-1.634646839068372159e+01
1.985083333000000039e+03,-1.634253120011809557e+01
1.985166666999999961e+03,-1.633855712102739588e+01
1.985250000000000000e+03,-1.633458856101243484e+01
1.985333333000000039e+03,-1.633058388307087938e+01
1.985416666999999961e+03,-1.632658297111269619e+01
1.985500000000000000e+03,-1.632254671882054708e+01
1.985583333000000039e+03,-1.631851531358046969e+01
1.985666666999999961e+03,-1.633577102429871175e+01
1.985750000000000000e+03,-1.633560761364216063e+01
1.985833333000000039e+03,-1.633544305342921632e+01
1.985916666999999961e+03,-1.633527640139504200e+01
1.986000000000000000e+03,-1.633510954042704455e+01
1.986083333000000039e+03,-1.633494152839841718e+01
1.986166666999999961e+03,-1.633477142259797077e+01
1.986250000000000000e+03,-1.633460110677607346e+01
1.986333333000000039e+03,-1.632926748074448753e+01
1.986416666999999961e+03,-1.632909316662458465e+01
1.986500000000000000e+03,-1.632373037756375567e+01
1.986583333000000039e+03,-1.632355393677118727e+01
1.986666666999999961e+03,-1.633488598374162493e+01
1.986750000000000000e+03,-1.633546123898821278e+01
1.986833333000000039e+03,-1.633603505371599951e+01
1.986916666999999961e+03,-1.633660648913225799e+01
1.987000000000000000e+03,-1.633717742876228485e+01
1.987083333000000039e+03,-1.633774693330699179e+01
1.987166666999999961e+03,-1.633831406545331077e+01
1.987250000000000000e+03,-1.633855039280033949e+01
1.987333333000000039e+03,-1.633714501289347254e+01
1.987416666999999961e+03,-1.633737842330837253e+01
1.987500000000000000e+03,-1.633596927772233443e+01
1.987583333000000039e+03,-1.633620164743812708e+01
1.987666666999999961e+03,-1.633798690226042183e+01
1.987750000000000000e+03,-1.633767969008750143e+01
1.987833333000000039e+03,-1.633737126950725127e+01
1.987916666999999961e+03,-1.633706069936416228e+01
1.988000000000000000e+03,-1.633674985886258924e+01
1.988083333000000039e+03,-1.633641745828284897e+01
1.988166666999999961e+03,-1.633610324766641497e+01
1.988250000000000000e+03,-1.633577155345312804e+01
1.988333333000000039e+03,-1.633545585149540713e+01
1.988416666999999961e+03,-1.632996189704069678e+01
1.988500000000000000e+03,-1.632964232127309856e+01
1.988583333000000039e+03,-1.632411776830288375e+01
1.988666666999999961e+03,-1.634064701457679192e+01
1.988750000000000000e+03,-1.634000914786945913e+01
1.988833333000000039e+03,-1.633936978770455184e+01
1.988916666999999961e+03,-1.633872799335932413e+01
1.989000000000000000e+03,-1.633808563982330142e+01
1.989083333000000039e+03,-1.633744178692849758e+01
1.989166666999999961e+03,-1.633553749223038309e+01
1.989250000000000000e+03,-1.633488989898051358e+01
1.989333333000000039e+03,-1.633297982704304019e+01
1.989416666999999961e+03,-1.633232753678744587e+01
1.989500000000000000e+03,-1.633041072836091701e+01
1.989583333000000039e+03,-1.632975561628684247e+01
1.989666666999999961e+03,-1.635697310261572923e+01
1.989750000000000000e+03,-1.635670742748830619e+01
1.989833333000000039e+03,-1.635644058308150761e+01
1.989916666999999961e+03,-1.635617164516467881e+01
1.990000000000000000e+03,-1.635589365032475229e+01
1.990083333000000039e+03,-1.635562329067318288e+01
1.990166666999999961e+03,-1.635534202044803109e+01
1.990250000000000000e+03,-1.635506931224950833e+01
1.990333333000000039e+03,-1.634972211072915016e+01
1.990416666999999961e+03,-1.634944486168203426e+01
1.990500000000000000e+03,-1.634406679776841642e+01
1.990583333000000039e+03,-1.634378684268213533e+01
1.990666666999999961e+03,-1.637510565193556999e+01
1.990750000000000000e+03,-1.637298527578883167e+01
1.990833333000000039e+03,-1.637085935866188890e+01
1.990916666999999961e+03,-1.636870725145202243e+01
1.991000000000000000e+03,-1.636657019038248606e+01
1.991083333000000039e+03,-1.636440775537511527e+01
1.991166666999999961e+03,-1.636225860916614749e+01
1.991250000000000000e+03,-1.636008490895767409e+01
1.991333333000000039e+03,-1.635792548649546418e+01
1.991416666999999961e+03,-1.635573957403309464e+01
1.991500000000000000e+03,-1.635356893219647034e+01
1.991583333000000039e+03,-1.635137262789647750e+01
1.991666666999999961e+03,-1.637239135154138481e+01
1.991750000000000000e+03,-1.637212909813524320e+01
1.991833333000000039e+03,-1.637186569159869265e+01
1.991916666999999961e+03,-1.637160022151377348e+01
1.992000000000000000e+03,-1.637133450597372075e+01
1.992083333000000039e+03,-1.637106763478907823e+01
1.992166666999999961e+03,-1.637079869680696120e+01
1.992250000000000000e+03,-1.637052951155310510e+01
1.992333333000000039e+03,-1.636527023558616278e+01
1.992416666999999961e+03,-1.636499655308106682e+01
1.992500000000000000e+03,-1.635970651058226721e+01
1.992583333000000039e+03,-1.635876947011406202e+01
1.992666666999999961e+03,-1.637616913757904058e+01
1.992750000000000000e+03,-1.637548051931193527e+01
1.992833333000000039e+03,-1.637497623877478148e+01
1.992916666999999961e+03,-1.637428373691390249e+01
1.993000000000000000e+03,-1.637377669766974719e+01
1.993083333000000039e+03,-1.637307345552567739e+01
1.993166666999999961e+03,-1.637256273780297278e+01
1.993250000000000000e+03,-1.637185648617291989e+01
1.993333333000000039e+03,-1.637134389963975778e+01
1.993416666999999961e+03,-1.637063372055719768e+01
1.993500000000000000e+03,-1.637011834916108555e+01
1.993583333000000039e+03,-1.636940605473232679e+01
1.993666666999999961e+03,-1.638034794296217100e+01
1.993750000000000000e+03,-1.637872371495548407e+01
1.993833333000000039e+03,-1.637709576782859600e+01
1.993916666999999961e+03,-1.637546319049315002e+01
1.994000000000000000e+03,-1.637380815752299057e+01
1.994083333000000039e+03,-1.637216898983098545e+01
1.994166666999999961e+03,-1.637050547682308732e+01
1.994250000000000000e+03,-1.636885879260838550e+01
1.994333333000000039e+03,-1.636718859906417833e+01
1.994416666999999961e+03,-1.636052132519531099e+01
1.994500000000000000e+03,-1.635883538033071005e+01
1.994583333000000039e+03,-1.635211259803008588e+01
1.994666666999999961e+03,-1.638999320850171770e+01
1.994750000000000000e+03,-1.638689910410407791e+01
1.994833333000000039e+03,-1.638379413727655276e+01
1.994916666999999961e+03,-1.638067739819167556e+01
1.995000000000000000e+03,-1.637755067826486410e+01
1.995083333000000039e+03,-1.637441307052603534e+01
1.995166666999999961e+03,-1.637126365664600058e+01
1.995250000000000000e+03,-1.636810424512638207e+01
1.995333333000000039e+03,-1.636493392049725060e+01
1.995416666999999961e+03,-1.636175175591648312e+01
1.995500000000000000e+03,-1.635855957698707286e+01
1.995583333000000039e+03,-1.635616940338221781e+01
1.995666666999999961e+03,-1.636730381262357170e+01
1.995750000000000000e+03,-1.636673758509742882e+01
1.995833333000000039e+03,-1.636616995588677881e+01
1.995916666999999961e+03,-1.636559128160740784e+01
1.996000000000000000e+03,-1.636502083838517052e+01
1.996083333000000039e+03,-1.636444025163494231e+01
1.996166666999999961e+03,-1.636386607113800906e+01
1.996250000000000000e+03,-1.636328264963859525e+01
1.996333333000000039e+03,-1.636270655716759492e+01
1.996416666999999961e+03,-1.635709054042927946e+01
1.996500000000000000e+03,-1.635650885920584585e+01
1.996583333000000039e+03,-1.635085792592371234e+01
1.996666666999999961e+03,-1.635617184143663039e+01
1.996750000000000000e+03,-1.635599866398338875e+01
1.996833333000000039e+03,-1.635582435440549176e+01
1.996916666999999961e+03,-1.635564798830060695e+01
1.997000000000000000e+03,-1.635547141269593396e+01
1.997083333000000039e+03,-1.635539279355763398e+01
1.997166666999999961e+03,-1.635521304124186770e+01
1.997250000000000000e+03,-1.635513219328107937e+01
1.997333333000000039e+03,-1.635520762950669038e+01
1.997416666999999961e+03,-1.635512364384528894e+01
1.997500000000000000e+03,-1.635410284410150794e+01
1.997583333000000039e+03,-1.635401749520954340e+01
1.997666666999999961e+03,-1.636024541106191776e+01
1.997750000000000000e+03,-1.635797761842935216e+01
1.997833333000000039e+03,-1.635570377730979175e+01
1.997916666999999961e+03,-1.635342295533692436e+01
1.998000000000000000e+03,-1.635113699563453338e+01
1.998083333000000039e+03,-1.634884496785934971e+01
1.998166666999999961e+03,-1.634654593357904417e+01
1.998250000000000000e+03,-1.634424174805716490e+01
1.998333333000000039e+03,-1.633680507792777448e+01
1.998416666999999961e+03,-1.633447677222976324e+01
1.998500000000000000e+03,-1.632697029783317078e+01
1.998583333000000039e+03,-1.632461971687215296e+01
1.998666666999999961e+03,-1.634300676213432979e+01
1.998750000000000000e+03,-1.633884115424379857e+01
1.998833333000000039e+03,-1.633602503280316753e+01
1.998916666999999961e+03,-1.633182920036173158e+01
1.999000000000000000e+03,-1.632898359923412812e+01
1.999083333000000039e+03,-1.632475935758496277e+01
1.999166666999999961e+03,-1.632189224509212622e+01
1.999250000000000000e+03,-1.631763861369872259e+01
1.999333333000000039e+03,-1.631475186086622031e+01
1.999416666999999961e+03,-1.631046784462710875e+01
1.999500000000000000e+03,-1.630756046501995016e+01
1.999583333000000039e+03,-1.630324795096003498e+01
1.999666666999999961e+03,-1.631703089390262207e+01
1.999750000000000000e+03,-1.631676862658551741e+01
1.999833333000000039e+03,-1.631650515486261455e+01
1.999916666999999961e+03,-1.631621879406213083e+01
2.000000000000000000e+03,-1.631595290631484474e+01
2.000083333000000039e+03,-1.631566507582866166e+01
2.000166666999999961e+03,-1.631539581011643847e+01
2.000250000000000000e+03,-1.631510554837794658e+01
2.000333333000000039e+03,-1.631483481897242882e+01
2.000416666999999961e+03,-1.631454116320661640e+01
2.000500000000000000e+03,-1.630901100902856626e+01
2.000583333000000039e+03,-1.630871457559257465e+01
2.000666666999999961e+03,-1.632483621668247764e+01
2.000750000000000000e+03,-1.632133443184579846e+01
2.000833333000000039e+03,-1.631782048000043872e+01
2.000916666999999961e+03,-1.631429339277054780e+01
2.001000000000000000e+03,-1.631075507830558990e+01
2.001083333000000039e+03,-1.630720457126557221e+01
2.001166666999999961e+03,-1.630364089427725105e+01
2.001250000000000000e+03,-1.630006597360176102e+01
2.001333333000000039e+03,-1.629647883489987947e+01
2.001416666999999961e+03,-1.629287849179161185e+01
2.001500000000000000e+03,-1.628926688866124906e+01
2.001583333000000039e+03,-1.628564304216688896e+01
2.001666666999999961e+03,-1.631121051894025342e+01
2.001750000000000000e+03,-1.631047776892516410e+01
2.001833333000000039e+03,-1.630974340170357806e+01
2.001916666999999961e+03,-1.630900645074933664e+01
2.002000000000000000e+03,-1.630826884192315518e+01
2.002083333000000039e+03,-1.630752040006330006e+01
2.002166666999999961e+03,-1.630677856940207349e+01
2.002250000000000000e+03,-1.630602685483464143e+01
2.002333333000000039e+03,-1.630528272532424339e+01
2.002416666999999961e+03,-1.630452676166621728e+01
2.002500000000000000e+03,-1.629847372661773974e+01
2.002583333000000039e+03,-1.629771201930666891e+01
2.002666666999999961e+03,-1.629549414414996633e+01
2.002750000000000000e+03,-1.629456513505724047e+01
2.002833333000000039e+03,-1.629363422861333532e+01
2.002916666999999961e+03,-1.629270044402507267e+01
2.003000000000000000e+03,-1.629174456102329671e+01
2.003083333000000039e+03,-1.629100877372822964e+01
2.003166666999999961e+03,-1.629004820710054702e+01
2.003250000000000000e+03,-1.628930903168165401e+01
2.003333333000000039e+03,-1.628834573087515025e+01
2.003416666999999961e+03,-1.628760217613490013e+01
2.003500000000000000e+03,-1.628663515050526200e+01
2.003583333000000039e+03,-1.628588917096283240e+01
2.003666666999999961e+03,-1.630235992305243187e+01
2.003750000000000000e+03,-1.630051744394296165e+01
2.003833333000000039e+03,-1.629867087943179271e+01
2.003916666999999961e+03,-1.629681924971409401e+01
2.004000000000000000e+03,-1.629496449730019592e+01
2.004083333000000039e+03,-1.629310564393587057e+01
2.004166666999999961e+03,-1.629124170514559111e+01
2.004250000000000000e+03,-1.628937463276993469e+01
2.004333333000000039e+03,-1.628750344388475924e+01
2.004416666999999961e+03,-1.628023844640772921e+01
2.004500000000000000e+03,-1.627835056134084724e+01
2.004583333000000039e+03,-1.627095313672605670e+01
2.004666666999999961e+03,-1.630174210299500714e+01
2.004750000000000000e+03,-1.630075468300085362e+01
2.004833333000000039e+03,-1.629976526729140573e+01
2.004916666999999961e+03,-1.629876309290971648e+01
2.005000000000000000e+03,-1.629776966798432625e+01
2.005083333000000039e+03,-1.629676443466216185e+01
2.005166666999999961e+03,-1.629576601418589021e+01
2.005250000000000000e+03,-1.629475673722634710e+01
2.005333333000000039e+03,-1.629375525969429717e+01
2.005416666999999961e+03,-1.629274095016706525e+01
2.005500000000000000e+03,-1.629173542836542055e+01
2.005583333000000039e+03,-1.629071802974676331e+01
2.005666666999999961e+03,-1.630756545095244192e+01
2.005750000000000000e+03,-1.630760384077350622e+01
2.005833333000000039e+03,-1.630764107295212639e+01
2.005916666999999961e+03,-1.630767618215186232e+01
2.006000000000000000e+03,-1.630771109946062580e+01
2.006083333000000039e+03,-1.630772397743290014e+01
2.006166666999999961e+03,-1.630775561583127242e+01
2.006250000000000000e+03,-1.630776618130668609e+01
2.006333333000000039e+03,-1.630779647199612015e+01
2.006416666999999961e+03,-1.630251673240041654e+01
2.006500000000000000e+03,-1.630254491603073319e+01
2.006583333000000039e+03,-1.629723966438822913e+01
2.006666666999999961e+03,-1.633048224644922897e+01
2.006750000000000000e+03,-1.632848347915198772e+01
2.006833333000000039e+03,-1.632647995351856807e+01
2.006916666999999961e+03,-1.632447071272503791e+01
2.007000000000000000e+03,-1.632245765156842765e+01
2.007083333000000039e+03,-1.632043981495409213e+01
2.007166666999999961e+03,-1.631777828803232921e+01
2.007250000000000000e+03,-1.631575294198152193e+01
2.007333333000000039e+03,-1.631307897247715388e+01
2.007416666999999961e+03,-1.631104194287557618e+01
2.007500000000000000e+03,-1.630835454717019672e+01
2.007583333000000039e+03,-1.630630773271269618e+01
2.007666666999999961e+03,-1.631506317413101925e+01
2.007750000000000000e+03,-1.631506817550462785e+01
2.007833333000000039e+03,-1.631507202855160443e+01
2.007916666999999961e+03,-1.631507377412654236e+01
2.008000000000000000e+03,-1.631506618255530228e+01
2.008083333000000039e+03,-1.631506659091425604e+01
2.008166666999999961e+03,-1.631505574371362854e+01
2.008250000000000000e+03,-1.631495741500033958e+01
2.008333333000000039e+03,-1.631464288847025657e+01
2.008416666999999961e+03,-1.631454127240299457e+01
2.008500000000000000e+03,-1.630846700000629568e+01
2.008583333000000039e+03,-1.630836357130938197e+01
2.008666666999999961e+03,-1.632583021871443663e+01
2.008750000000000000e+03,-1.632407828188259202e+01
2.008833333000000039e+03,-1.632232244841190294e+01
2.008916666999999961e+03,-1.632056175875925419e+01
2.009000000000000000e+03,-1.631877743694317218e+01
2.009083333000000039e+03,-1.631700984923567432e+01
2.009166666999999961e+03,-1.631521664135905780e+01
2.009250000000000000e+03,-1.631304212601338222e+01
2.009333333000000039e+03,-1.631124129731471228e+01
2.009416666999999961e+03,-1.630905589457497129e+01
2.009500000000000000e+03,-1.630724646425723989e+01
2.009583333000000039e+03,-1.630505207785594379e+01
2.009666666999999961e+03,-1.632657997407062922e+01
2.009750000000000000e+03,-1.632433532982510371e+01
2.009833333000000039e+03,-1.632208500735099221e+01
2.009916666999999961e+03,-1.631982804527752506e+01
2.010000000000000000e+03,-1.631756634561381247e+01
2.010083333000000039e+03,-1.631529894892484478e+01
2.010166666999999961e+03,-1.631302488802515427e+01
2.010250000000000000e+03,-1.631074607654976205e+01
2.010333333000000039e+03,-1.630846154925383473e+01
2.010416666999999961e+03,-1.630617033313154352e+01
2.010500000000000000e+03,-1.629856916021312685e+01
2.010583333000000039e+03,-1.629625691202312510e+01
2.010666666999999961e+03,-1.631167824536706235e+01
2.010750000000000000e+03,-1.631051704770346333e+01
2.010833333000000039e+03,-1.630935352158867957e+01
2.010916666999999961e+03,-1.630818669857405112e+01
2.011000000000000000e+03,-1.630700929093010743e+01
2.011083333000000039e+03,-1.630583874864136718e+01
2.011166666999999961e+03,-1.630465566381316833e+01
2.011250000000000000e+03,-1.630348042347795001e+01
2.011333333000000039e+03,-1.630229358272617546e+01
2.011416666999999961e+03,-1.630111266056407260e+01
2.011500000000000000e+03,-1.629992108206181456e+01
2.011583333000000039e+03,-1.629873640532014889e+01
2.011666666999999961e+03,-1.632345519601949491e+01
2.011750000000000000e+03,-1.632228044361420416e+01
2.011833333000000039e+03,-1.632110332041850853e+01
2.011916666999999961e+03,-1.631992286791467350e+01
2.012000000000000000e+03,-1.631872031222491870e+01
2.012083333000000039e+03,-1.631753603304818157e+01
2.012166666999999961e+03,-1.631632768729586402e+01
2.012250000000000000e+03,-1.631513861233455387e+01
2.012333333000000039e+03,-1.631392637751901731e+01
2.012416666999999961e+03,-1.631273153251246910e+01
2.012500000000000000e+03,-1.630624462412333742e+01
2.012583333000000039e+03,-1.630504042446340307e+01
2.012666666999999961e+03,-1.633132575170844802e+01
2.012750000000000000e+03,-1.632937971683820422e+01
2.012833333000000039e+03,-1.632742910828284622e+01
2.012916666999999961e+03,-1.632547297020713728e+01
2.013000000000000000e+03,-1.632351319584882887e+01
2.013083333000000039e+03,-1.632154883106166565e+01
2.013166666999999961e+03,-1.631957891493651402e+01
2.013250000000000000e+03,-1.631760535084236707e+01
2.013333333000000039e+03,-1.631562717956069619e+01
2.013416666999999961e+03,-1.631364343511144099e+01
2.013500000000000000e+03,-1.631165603100098238e+01
2.013583333000000039e+03,-1.630966400293979390e+01
2.013666666999999961e+03,-1.633206884037934969e+01
2.013750000000000000e+03,-1.633060186149313608e+01
2.013833333000000039e+03,-1.632913179660317482e+01
2.013916666999999961e+03,-1.632765769300216974e+01
2.014000000000000000e+03,-1.632618144181799380e+01
2.014083333000000039e+03,-1.632469302228163599e+01
2.014166666999999961e+03,-1.632320960447238534e+01
2.014250000000000000e+03,-1.632171493611213009e+01
2.014333333000000039e+03,-1.632022623739197442e+01
2.014416666999999961e+03,-1.631872434798052041e+01
2.014500000000000000e+03,-1.631198621713812358e+01
2.014583333000000039e+03,-1.631047203843852245e+01
2.014666666999999961e+03,-1.632026874895302626e+01
2.014750000000000000e+03,-1.632040660453673908e+01
2.014833333000000039e+03,-1.632054329843864338e+01
2.014916666999999961e+03,-1.632067787671872949e+01
2.015000000000000000e+03,-1.632081224868480263e+01
2.015083333000000039e+03,-1.632092482172810932e+01
2.015166666999999961e+03,-1.632105592205666866e+01
2.015250000000000000e+03,-1.632116618294197607e+01
2.015333333000000039e+03,-1.632129592146597119e+01
2.015416666999999961e+03,-1.632140291785096409e+01
2.015500000000000000e+03,-1.632153034209438047e+01
2.015583333000000039e+03,-1.632163598306738095e+01
2.015666666999999961e+03,-1.634668061400873995e+01
2.015750000000000000e+03,-1.634627772185031347e+01
2.015833333000000039e+03,-1.634587356598276031e+01
2.015916666999999961e+03,-1.634431789975633720e+01
2.016000000000000000e+03,-1.634391078890848092e+01
2.016083333000000039e+03,-1.634235097290727978e+01
2.016166666999999961e+03,-1.634193996177411989e+01
2.016250000000000000e+03,-1.634037504782267902e+01
2.016333333000000039e+03,-1.633996199820847650e+01
2.016416666999999961e+03,-1.633839103429035688e+01
2.016500000000000000e+03,-1.633797500048208917e+01
2.016583333000000039e+03,-1.633124705792914000e+01
2.016666666999999961e+03,-1.633804619489334797e+01
2.016750000000000000e+03,-1.633616094749776337e+01
2.016833333000000039e+03,-1.633427130407198646e+01
2.016916666999999961e+03,-1.633237631486868224e+01
2.017000000000000000e+03,-1.633046883958854067e+01
2.017083333000000039e+03,-1.632856595806859090e+01
2.017166666999999961e+03,-1.632664865615873850e+01
2.017250000000000000e+03,-1.632473691613250821e+01
2.017333333000000039e+03,-1.632281166248515092e+01
2.017416666999999961e+03,-1.632089008949243691e+01
2.017500000000000000e+03,-1.631895591291481296e+01
2.017583333000000039e+03,-1.631702639177576941e+01
2.017666666999999961e+03,-1.631803298721290574e+01
2.017750000000000000e+03,-1.631700112022856075e+01
2.017833333000000039e+03,-1.631596716914240019e+01
2.017916666999999961e+03,-1.631493017158791758e+01
2.018000000000000000e+03,-1.631387127315936425e+01
2.018083333000000039e+03,-1.631283103157338843e+01
2.018166666999999961e+03,-1.631176692378467763e+01
2.018250000000000000e+03,-1.631072246647125112e+01
2.018333333000000039e+03,-1.630965505991489550e+01
2.018416666999999961e+03,-1.630332209733628801e+01
2.018500000000000000e+03,-1.630224552902696189e+01
2.018583333000000039e+03,-1.629554895957350169e+01
2.018666666999999961e+03,-1.631361279334176828e+01
2.018750000000000000e+03,-1.631525964746797897e+01
2.018833333000000039e+03,-1.631690292111323259e+01
2.018916666999999961e+03,-1.631330461653682917e+01
2.019000000000000000e+03,-1.631494848067155701e+01
2.019083333000000039e+03,-1.631134260028557392e+01
2.019166666999999961e+03,-1.631298609108914377e+01
2.019250000000000000e+03,-1.630937165240907660e+01
2.019333333000000039e+03,-1.631101669170195834e+01
2.019416666999999961e+03,-1.630739271027304227e+01
2.019500000000000000e+03,-1.630903833557883686e+01
2.019583333000000039e+03,-1.630540671789601603e+01
2.019666666999999961e+03,-1.625259674474990490e+01
2.019750000000000000e+03,-1.625298157797660537e+01
2.019833333000000039e+03,-1.625336507783395490e+01
2.019916666999999961e+03,-1.625374623536953678e+01
2.020000000000000000e+03,-1.625411744147894666e+01
2.020083333000000039e+03,-1.625449695138796358e+01
2.020166666999999961e+03,-1.625486449829801927e+01
2.020250000000000000e+03,-1.625524135493868982e+01
2.020333333000000039e+03,-1.625560726571297465e+01
2.020416666999999961e+03,-1.625598046492057591e+01
2.020500000000000000e+03,-1.625634373474466443e+01
2.020583333000000039e+03,-1.625671529777914159e+01
2.020666666999999961e+03,-1.656197740072589752e+01
2.020750000000000000e+03,-1.655874339048218147e+01
2.020833333000000039e+03,-1.655549182142760856e+01
2.020916666999999961e+03,-1.655222195465081469e+01
2.021000000000000000e+03,-1.654891940628791858e+01
2.021083333000000039e+03,-1.654561501075733432e+01
2.021166666999999961e+03,-1.654227628705687536e+01
2.021250000000000000e+03,-1.653893659105568403e+01
2.021333333000000039e+03,-1.653556312267973993e+01
2.021416666999999961e+03,-1.653218733603911872e+01
2.021500000000000000e+03,-1.652877834034558546e+01
2.021583333000000039e+03,-1.652536791649168180e+01
2.021666666999999961e+03,-1.686983359668571580e+01
2.021750000000000000e+03,-1.686959933497928077e+01
2.021833333000000039e+03,-1.686946787237718226e+01
2.021916666999999961e+03,-1.686929625869419880e+01
2.022000000000000000e+03,-1.686915779926167502e+01
2.022083333000000039e+03,-1.686897739428084719e+01
2.022166666999999961e+03,-1.686883183780930651e+01
2.022250000000000000e+03,-1.686864254257287499e+01
2.022333333000000039e+03,-1.686849001553044047e+01
2.022416666999999961e+03,-1.686829172233559504e+01
2.022500000000000000e+03,-1.686813212289195008e+01
2.022583333000000039e+03,-1.686792496659858642e+01
