year,F
1.880000000000000000e+03,-4.367105458740727641e+00
1.880083333333333258e+03,-2.524310346500319469e+01
1.880166666666666515e+03,-5.069702398012698552e+01
1.880249999999999773e+03,-2.908943385822163918e+01
1.880333333333333030e+03,2.012497277506781757e+00
1.880416666666666288e+03,4.391727656975525917e+00
1.880499999999999545e+03,-1.562007574841666546e+01
1.880583333333332803e+03,-3.475819754219661917e+01
1.880666666666666060e+03,-1.907513227898044050e+01
1.880749999999999318e+03,-3.015524544147787367e+00
1.880833333333332575e+03,-3.563004141014577897e+01
1.880916666666665833e+03,-5.356731406238795756e+01
1.880999999999999091e+03,-2.403030403834828377e+01
1.881083333333332348e+03,-4.434513156818766788e-01
1.881166666666665606e+03,-5.699117904347552610e+00
1.881249999999998863e+03,-1.787926483530085520e+01
1.881333333333332121e+03,-2.335574802420499552e+01
1.881416666666665378e+03,-9.672655007545884587e+00
1.881499999999998636e+03,-2.176489424688654140e+00
1.881583333333331893e+03,-3.565092487115430941e+01
1.881666666666665151e+03,-4.861276636414835650e+01
1.881749999999998408e+03,-1.733649523752361787e+01
1.881833333333331666e+03,-1.597417668019573966e+00
1.881916666666664923e+03,-1.214238884325199308e+01
1.881999999999998181e+03,-1.908417819640848023e+01
1.882083333333331439e+03,-1.554311599884695383e+01
1.882166666666664696e+03,-3.194900107586498450e+00
1.882249999999997954e+03,-6.675527981365947383e+00
1.882333333333331211e+03,-4.314089765786934549e+01
1.882416666666664469e+03,-5.006247762601989848e+01
1.882499999999997726e+03,-2.144638541026113643e+01
1.882583333333330984e+03,-1.618150816089147170e+01
1.882666666666664241e+03,-2.632628070556604882e+01
1.882749999999997499e+03,-2.342577821970805729e+01
1.882833333333330756e+03,-1.277250433078022596e+01
1.882916666666664014e+03,2.474841309719977289e-02
1.882999999999997272e+03,-1.414150704048271479e+00
1.883083333333330529e+03,-3.386175463406465269e+01
1.883166666666663787e+03,-4.107582977397623125e+01
1.883249999999997044e+03,-1.474354619452356374e+01
1.883333333333330302e+03,-1.379428040724238080e+01
1.883416666666663559e+03,-2.542890701188259683e+01
1.883499999999996817e+03,-2.104586900093491053e+01
1.883583333333330074e+03,-9.270333443948679530e+00
1.883666666666663332e+03,1.222671883507988611e+00
1.883749999999996589e+03,-2.861165551252419448e+00
1.883833333333329847e+03,-3.089053297603867776e+01
1.883916666666663104e+03,-3.787840751744796108e+01
1.883999999999996362e+03,-2.044733782670868294e+01
1.884083333333329620e+03,-2.660955158868505421e+01
1.884166666666662877e+03,-3.681044929639220697e+01
1.884249999999996135e+03,-2.757669761558111787e+01
1.884333333333329392e+03,-1.249291030579574269e+01
1.884416666666662650e+03,1.180378958103450060e+00
1.884499999999995907e+03,-9.750998890752953230e-01
1.884583333333329165e+03,-2.783199504681580549e+01
1.884666666666662422e+03,-3.217132571321421608e+01
1.884749999999995680e+03,-1.419987609202097900e+01
1.884833333333328937e+03,-2.485252928889768498e+01
1.884916666666662195e+03,-3.783490965137562512e+01
1.884999999999995453e+03,-2.964368415658738698e+01
1.885083333333328710e+03,-1.464997523628735898e+01
1.885166666666661968e+03,-2.556602349578405153e-01
1.885249999999995225e+03,-7.395558176315653043e-01
1.885333333333328483e+03,-2.197844838568232717e+01
1.885416666666661740e+03,-2.602864651992204514e+01
1.885499999999994998e+03,-1.117284627619857496e+01
1.885583333333328255e+03,-2.396558682772244353e+01
1.885666666666661513e+03,-3.921523148010362547e+01
1.885749999999994770e+03,-2.949989325282473374e+01
1.885833333333328028e+03,-1.274546944998460951e+01
1.885916666666661285e+03,-8.621905495785888718e-01
1.885999999999994543e+03,-5.795389348007173425e+00
1.886083333333327801e+03,-2.333272368450110434e+01
1.886166666666661058e+03,-1.855219418889999261e+01
1.886249999999994316e+03,-5.096940084593953202e+00
1.886333333333327573e+03,-2.835923245829989980e+01
1.886416666666660831e+03,-4.831483975660719210e+01
1.886499999999994088e+03,-3.661366459914503935e+01
1.886583333333327346e+03,-1.874052181163836650e+01
1.886666666666660603e+03,-8.356860661683276348e+00
1.886749999999993861e+03,-1.482737258764726818e+01
1.886833333333327118e+03,-2.564288766961234600e+01
1.886916666666660376e+03,-1.276513413970715582e+01
1.886999999999993634e+03,3.815947454007531547e+00
1.887083333333326891e+03,-2.125238335125726508e+01
1.887166666666660149e+03,-4.541791607579747136e+01
1.887249999999993406e+03,-2.956877285484422657e+01
1.887333333333326664e+03,-9.231765127622102440e+00
1.887416666666659921e+03,-7.130654405789771388e+00
1.887499999999993179e+03,-1.977018541283847242e+01
1.887583333333326436e+03,-2.321402207253307282e+01
1.887666666666659694e+03,-3.086408033050094701e+00
1.887749999999992951e+03,6.440273824720442519e+00
1.887833333333326209e+03,-2.582929779078305188e+01
1.887916666666659467e+03,-4.889588562346301615e+01
1.887999999999992724e+03,-3.180227495289258499e+01
1.888083333333325982e+03,-1.663795482120285030e+01
1.888166666666659239e+03,-2.224513458237142061e+01
1.888249999999992497e+03,-3.460650287737000497e+01
1.888333333333325754e+03,-2.616643331877804712e+01
1.888416666666659012e+03,3.260118176303812731e+00
1.888499999999992269e+03,9.568560717648288971e+00
1.888583333333325527e+03,-2.756708189282061383e+01
1.888666666666658784e+03,-4.599568758788142731e+01
1.888749999999992042e+03,-1.982249777204710028e+01
1.888833333333325299e+03,-8.190772938167702577e+00
1.888916666666658557e+03,-2.522753666240180337e+01
1.888999999999991815e+03,-3.854231753787762216e+01
1.889083333333325072e+03,-2.116657170667235732e+01
1.889166666666658330e+03,9.053214816124498299e+00
1.889249999999991587e+03,7.518611049578808547e+00
1.889333333333324845e+03,-2.741401719070363896e+01
1.889416666666658102e+03,-3.991326113848089818e+01
1.889499999999991360e+03,-1.514697148731023546e+01
1.889583333333324617e+03,-1.198293002489688774e+01
1.889666666666657875e+03,-3.565376120670613602e+01
1.889749999999991132e+03,-4.233530561664240111e+01
1.889833333333324390e+03,-1.596386461151677238e+01
1.889916666666657648e+03,9.769283324485684261e+00
1.889999999999990905e+03,-2.292055070277957185e+00
1.890083333333324163e+03,-3.307765191859836307e+01
1.890166666666657420e+03,-3.008152871236557502e+01
1.890249999999990678e+03,-2.511935730257825128e+00
1.890333333333323935e+03,-1.520648276052592962e+01
1.890416666666657193e+03,-4.836084669814815129e+01
1.890499999999990450e+03,-4.595892748546354767e+01
1.890583333333323708e+03,-1.248661467386085455e+01
1.890666666666656965e+03,5.645096136570590062e+00
1.890749999999990223e+03,-1.362450711554965999e+01
1.890833333333323480e+03,-3.414115535553095526e+01
1.890916666666656738e+03,-2.037026289205482144e+01
1.890999999999989996e+03,6.107270162136689606e+00
1.891083333333323253e+03,-1.289513255828329008e+01
1.891166666666656511e+03,-4.963721746465792251e+01
1.891249999999989768e+03,-3.829882971001527636e+01
1.891333333333323026e+03,-1.524252819698290295e+00
1.891416666666656283e+03,3.128103031123039557e+00
1.891499999999989541e+03,-2.331036233879468256e+01
1.891583333333322798e+03,-3.109403692440324463e+01
1.891666666666656056e+03,-5.873438964326005873e+00
1.891749999999989313e+03,1.001805710634443969e+01
1.891833333333322571e+03,-2.402772885076650056e+01
1.891916666666655829e+03,-5.807427863291812287e+01
1.891999999999989086e+03,-3.704507716898204706e+01
1.892083333333322344e+03,-5.672886199743038205e+00
1.892166666666655601e+03,-1.523397160117680471e+01
1.892249999999988859e+03,-4.111266704761231239e+01
1.892333333333322116e+03,-3.120069446379576661e+01
1.892416666666655374e+03,3.915195565672576095e+00
1.892499999999988631e+03,1.327825606175573370e+01
1.892583333333321889e+03,-2.666320297092246605e+01
1.892666666666655146e+03,-5.478849260944488719e+01
1.892749999999988404e+03,-2.208434324824261452e+01
1.892833333333321661e+03,4.671514484665006961e+00
1.892916666666654919e+03,-1.919614013599340652e+01
1.892999999999988177e+03,-4.295273059037086227e+01
1.893083333333321434e+03,-2.039476126413323698e+01
1.893166666666654692e+03,1.357992063090376433e+01
1.893249999999987949e+03,9.382520314646704662e+00
1.893333333333321207e+03,-3.120033414380905157e+01
1.893416666666654464e+03,-4.890418307655608743e+01
1.893499999999987722e+03,-1.620655011164906867e+01
1.893583333333320979e+03,-4.433321492917464468e+00
1.893666666666654237e+03,-3.743905615934301068e+01
1.893749999999987494e+03,-4.995087221292381230e+01
1.893833333333320752e+03,-1.519337823204194393e+01
1.893916666666654010e+03,1.310885260428739230e+01
1.893999999999987267e+03,-2.069453705582645853e+00
1.894083333333320525e+03,-3.657063375781412162e+01
1.894166666666653782e+03,-3.689393148148572266e+01
1.894249999999987040e+03,-6.657330858760737158e-01
1.894333333333320297e+03,-7.096920436361267903e+00
1.894416666666653555e+03,-4.983864255442041014e+01
1.894499999999986812e+03,-4.830997422669916830e+01
1.894583333333320070e+03,-5.941531160954502511e+00
1.894666666666653327e+03,1.034474938651356624e+01
1.894749999999986585e+03,-1.332928750910405924e+01
1.894833333333319842e+03,-3.488389997390200392e+01
1.894916666666653100e+03,-2.315380858266699704e+01
1.894999999999986358e+03,6.728188575881457467e+00
1.895083333333319615e+03,-1.078977349892151238e+01
1.895166666666652873e+03,-5.451196421013948168e+01
1.895249999999986130e+03,-4.161335113690080334e+01
1.895333333333319388e+03,1.802927869359173485e+00
1.895416666666652645e+03,3.145644179116001027e+00
1.895499999999985903e+03,-2.525219023454361889e+01
1.895583333333319160e+03,-3.118998239088718805e+01
1.895666666666652418e+03,-7.293276639191269339e+00
1.895749999999985675e+03,1.013278057998889992e+01
1.895833333333318933e+03,-2.494111689511625585e+01
1.895916666666652191e+03,-6.303984738705617019e+01
1.895999999999985448e+03,-3.639399632366767889e+01
1.896083333333318706e+03,-8.805577769322496806e-01
1.896166666666651963e+03,-1.563645119156428009e+01
1.896249999999985221e+03,-4.038691551502105881e+01
1.896333333333318478e+03,-2.712905161055481784e+01
1.896416666666651736e+03,3.676314699966141575e+00
1.896499999999984993e+03,1.257777883722371826e+01
1.896583333333318251e+03,-2.503719190358838276e+01
1.896666666666651508e+03,-5.537317561613134842e+01
1.896749999999984766e+03,-2.173874042523658545e+01
1.896833333333318024e+03,5.481540493607148790e+00
1.896916666666651281e+03,-2.089868208227341384e+01
1.896999999999984539e+03,-4.021370318592227022e+01
1.897083333333317796e+03,-1.566189687079697634e+01
1.897166666666651054e+03,1.148007927633257097e+01
1.897249999999984311e+03,5.805415237641074810e+00
1.897333333333317569e+03,-3.156030230103305456e+01
1.897416666666650826e+03,-4.870848150929852238e+01
1.897499999999984084e+03,-1.664472169662932188e+01
1.897583333333317341e+03,-8.452221647852647735e+00
1.897666666666650599e+03,-4.216140718890841299e+01
1.897749999999983856e+03,-4.789085254812215453e+01
1.897833333333317114e+03,-1.316319089639606332e+01
1.897916666666650372e+03,8.637991417745006117e+00
1.897999999999983629e+03,-2.086039381052863462e+00
1.898083333333316887e+03,-3.006343408560279684e+01
1.898166666666650144e+03,-3.555417718691544593e+01
1.898249999999983402e+03,-4.741587655252640587e+00
1.898333333333316659e+03,-9.996525093227750958e+00
1.898416666666649917e+03,-4.756533290850575924e+01
1.898499999999983174e+03,-4.165591913629458531e+01
1.898583333333316432e+03,-5.745556115251059026e+00
1.898666666666649689e+03,4.052842078141722482e+00
1.898749999999982947e+03,-1.066863509918584896e+01
1.898833333333316205e+03,-2.471895935235684050e+01
1.898916666666649462e+03,-2.123988694833814961e+01
1.898999999999982720e+03,-1.158627831149136256e+00
1.899083333333315977e+03,-1.693182346314535280e+01
1.899166666666649235e+03,-5.222921703279589423e+01
1.899249999999982492e+03,-3.822576656131738559e+01
1.899333333333315750e+03,-4.232304185347018688e+00
1.899416666666649007e+03,-4.166048841664174773e+00
1.899499999999982265e+03,-1.885890143957269416e+01
1.899583333333315522e+03,-2.160425388252707180e+01
1.899666666666648780e+03,-1.141044442556836103e+01
1.899749999999982037e+03,1.398233027661294869e+00
1.899833333333315295e+03,-2.411757531606184912e+01
1.899916666666648553e+03,-5.590360541484534451e+01
1.899999999999981810e+03,-3.561229589589322586e+01
1.900083333333315068e+03,-1.029535860840603512e+01
1.900166666666648325e+03,-1.883477858404039296e+01
1.900249999999981583e+03,-2.749582253861548864e+01
1.900333333333314840e+03,-1.803440109521675438e+01
1.900416666666648098e+03,-4.898864478521517185e+00
1.900499999999981355e+03,3.990006340213316349e+00
1.900583333333314613e+03,-1.831594520495765721e+01
1.900666666666647870e+03,-4.596998268256031395e+01
1.900749999999981128e+03,-2.681798262596656812e+01
1.900833333333314386e+03,-7.101214846097994027e+00
1.900916666666647643e+03,-1.991686336847567773e+01
1.900999999999980901e+03,-2.644595609555111793e+01
1.901083333333314158e+03,-1.337983957181312888e+01
1.901166666666647416e+03,-1.055000814608160198e+00
1.901249999999980673e+03,2.307116011814038359e+00
1.901333333333313931e+03,-2.067165207903474311e+01
1.901416666666647188e+03,-4.340224715387259380e+01
1.901499999999980446e+03,-2.707799421790212335e+01
1.901583333333313703e+03,-1.966589850065884804e+01
1.901666666666646961e+03,-3.597358449247329304e+01
1.901749999999980218e+03,-3.549188431294928847e+01
1.901833333333313476e+03,-1.819325223160792859e+01
1.901916666666646734e+03,-4.156811282493947601e+00
1.901999999999979991e+03,2.967325633095160953e+00
1.902083333333313249e+03,-1.452955406959010176e+01
1.902166666666646506e+03,-3.612619800320265995e+01
1.902249999999979764e+03,-2.009041044701771028e+01
1.902333333333313021e+03,-1.391226733534069560e+01
1.902416666666646279e+03,-3.288087509259078445e+01
1.902499999999979536e+03,-3.292323786374550565e+01
1.902583333333312794e+03,-1.767292645451136934e+01
1.902666666666646051e+03,-5.535558734004512260e+00
1.902749999999979309e+03,1.174999923521141909e+00
1.902833333333312567e+03,-1.136157091010555398e+01
1.902916666666645824e+03,-2.847134459006918661e+01
1.902999999999979082e+03,-1.773653300628869189e+01
1.903083333333312339e+03,-1.825568412861383294e+01
1.903166666666645597e+03,-3.925683766444153378e+01
1.903249999999978854e+03,-3.758318299982627764e+01
1.903333333333312112e+03,-2.024912386391297048e+01
1.903416666666645369e+03,-7.681632838299149668e+00
1.903499999999978627e+03,-2.437005867834539430e+00
1.903583333333311884e+03,-1.458193031970616893e+01
1.903666666666645142e+03,-2.559705057244899251e+01
1.903749999999978400e+03,-9.185392276900918418e+00
1.903833333333311657e+03,-1.391009448743677979e+01
1.903916666666644915e+03,-4.263077853707854104e+01
1.903999999999978172e+03,-4.238136875062397024e+01
1.904083333333311430e+03,-2.450323447781113018e+01
1.904166666666644687e+03,-1.149839794263823123e+01
1.904249999999977945e+03,-7.866514188882399949e+00
1.904333333333311202e+03,-1.760950097989961805e+01
1.904416666666644460e+03,-2.147631509621054491e+01
1.904499999999977717e+03,-2.382714362670764530e+00
1.904583333333310975e+03,-6.584001225946563451e+00
1.904666666666644232e+03,-3.782054772967529743e+01
1.904749999999977490e+03,-3.880112514693269077e+01
1.904833333333310748e+03,-1.831223634435870906e+01
1.904916666666644005e+03,-7.966587063191042262e+00
1.904999999999977263e+03,-1.200000891039093354e+01
1.905083333333310520e+03,-2.125489366674690217e+01
1.905166666666643778e+03,-1.528993773969975223e+01
1.905249999999977035e+03,5.320582395560993660e+00
1.905333333333310293e+03,-8.663695210570390159e+00
1.905416666666643550e+03,-4.477171204848417574e+01
1.905499999999976808e+03,-4.204686769922706446e+01
1.905583333333310065e+03,-2.283793236695328943e+01
1.905666666666643323e+03,-1.889539145714419277e+01
1.905749999999976581e+03,-2.734393078613009820e+01
1.905833333333309838e+03,-3.207483887536952238e+01
1.905916666666643096e+03,-1.389575037832771720e+01
1.905999999999976353e+03,1.132939733839448948e+01
1.906083333333309611e+03,-4.834407444982076640e+00
1.906166666666642868e+03,-4.271776142537781595e+01
1.906249999999976126e+03,-3.482970510065269565e+01
1.906333333333309383e+03,-1.026226511817966447e+01
1.906416666666642641e+03,-1.374365158758921623e+01
1.906499999999975898e+03,-3.023719305494022436e+01
1.906583333333309156e+03,-3.092394323464117178e+01
1.906666666666642413e+03,-6.128095358107104929e+00
1.906749999999975671e+03,1.359900091183492066e+01
1.906833333333308929e+03,-8.063136982548961385e+00
1.906916666666642186e+03,-4.038285554531711341e+01
1.906999999999975444e+03,-2.943145924563634708e+01
1.907083333333308701e+03,-1.248111880948072283e+01
1.907166666666641959e+03,-2.656120280841388137e+01
1.907249999999975216e+03,-4.338341875282050353e+01
1.907333333333308474e+03,-3.357369730800053276e+01
1.907416666666641731e+03,-2.774667746292838189e+00
1.907499999999974989e+03,9.562429959829305659e+00
1.907583333333308246e+03,-1.687356574140471110e+01
1.907666666666641504e+03,-3.929524798952664355e+01
1.907749999999974762e+03,-1.606666489421834854e+01
1.907833333333308019e+03,-2.864147299566415228e+00
1.907916666666641277e+03,-3.155178261223510816e+01
1.907999999999974534e+03,-4.978412331668167212e+01
1.908083333333307792e+03,-2.996081989388200029e+01
1.908166666666641049e+03,1.785351117026682033e+00
1.908249999999974307e+03,3.102123780444451029e+00
1.908333333333307564e+03,-2.324201180326209482e+01
1.908416666666640822e+03,-3.269488968063598122e+01
1.908499999999974079e+03,-6.375871509373382651e+00
1.908583333333307337e+03,3.543819541912540672e-01
1.908666666666640594e+03,-3.433677616538305699e+01
1.908749999999973852e+03,-4.923339585046194600e+01
1.908833333333307110e+03,-2.184780452311916576e+01
1.908916666666640367e+03,4.219397074192254848e+00
1.908999999999973625e+03,-7.386256532529499097e+00
1.909083333333306882e+03,-3.038003906897049688e+01
1.909166666666640140e+03,-2.314546426027674642e+01
1.909249999999973397e+03,6.276628117376166216e+00
1.909333333333306655e+03,-2.558759436675313026e+00
1.909416666666639912e+03,-4.682752968413990402e+01
1.909499999999973170e+03,-5.177466913466439991e+01
1.909583333333306427e+03,-1.869762370029457088e+01
1.909666666666639685e+03,-3.993559600433306045e+00
1.909749999999972943e+03,-2.587314200554579813e+01
1.909833333333306200e+03,-4.013353811643773383e+01
1.909916666666639458e+03,-1.621145668616779645e+01
1.909999999999972715e+03,1.413718127810827241e+01
1.910083333333305973e+03,-9.516169153965492455e-01
1.910166666666639230e+03,-4.630568882423682453e+01
1.910249999999972488e+03,-4.385454556203547583e+01
1.910333333333305745e+03,-5.047060245877606377e+00
1.910416666666639003e+03,-1.115134594548703006e+00
1.910499999999972260e+03,-3.148235414293622370e+01
1.910583333333305518e+03,-3.640948271182980989e+01
1.910666666666638775e+03,-3.665022329138372115e+00
1.910749999999972033e+03,1.719917587376509260e+01
1.910833333333305291e+03,-9.218783984354484318e+00
1.910916666666638548e+03,-4.864746318300633732e+01
1.910999999999971806e+03,-3.694615147971481406e+01
1.911083333333305063e+03,-6.742663625480886935e+00
1.911166666666638321e+03,-1.986000412987410613e+01
1.911249999999971578e+03,-4.994456704500997546e+01
1.911333333333304836e+03,-3.871008928913609282e+01
1.911416666666638093e+03,1.362910144897821141e+00
1.911499999999971351e+03,1.240065714950489095e+01
1.911583333333304608e+03,-1.829228809826593150e+01
1.911666666666637866e+03,-4.583394295011230213e+01
1.911749999999971124e+03,-2.131480050946001015e+01
1.911833333333304381e+03,4.646918083876016681e+00
1.911916666666637639e+03,-2.442095956423845138e+01
1.911999999999970896e+03,-5.328892046047850073e+01
1.912083333333304154e+03,-2.820466868814531836e+01
1.912166666666637411e+03,1.016850124255928378e+01
1.912249999999970669e+03,6.008664236619029708e+00
1.912333333333303926e+03,-2.482746421968140282e+01
1.912416666666637184e+03,-3.669687911302629857e+01
1.912499999999970441e+03,-9.254311350838516859e+00
1.912583333333303699e+03,3.450715074921617997e+00
1.912666666666636957e+03,-3.487210052918132419e+01
1.912749999999970214e+03,-5.627371026211652350e+01
1.912833333333303472e+03,-2.203342123902249128e+01
1.912916666666636729e+03,8.329411896440248597e+00
1.912999999999969987e+03,-8.625703039997084431e+00
1.913083333333303244e+03,-3.262585271085209371e+01
1.913166666666636502e+03,-2.559882860277999939e+01
1.913249999999969759e+03,4.570417102869466675e+00
1.913333333333303017e+03,1.675434842815910486e-01
1.913416666666636274e+03,-4.832108583968445714e+01
1.913499999999969532e+03,-5.603935163687096832e+01
1.913583333333302789e+03,-1.407114628336692874e+01
1.913666666666636047e+03,1.394200789428374776e+00
1.913749999999969305e+03,-2.628221752324463623e+01
1.913833333333302562e+03,-3.824776397372422565e+01
1.913916666666635820e+03,-1.431371992570656992e+01
1.913999999999969077e+03,1.286003084054323864e+01
1.914083333333302335e+03,-2.922303132684334059e-01
1.914166666666635592e+03,-4.716755408407036043e+01
1.914249999999968850e+03,-4.677342792355604217e+01
1.914333333333302107e+03,-3.437391474395763424e+00
1.914416666666635365e+03,-4.430886909869968804e-01
1.914499999999968622e+03,-3.358708006408300406e+01
1.914583333333301880e+03,-3.392606290611838205e+01
1.914666666666635138e+03,-1.929235149659547233e+00
1.914749999999968395e+03,1.438861527661780570e+01
1.914833333333301653e+03,-1.094909827380327094e+01
1.914916666666634910e+03,-5.055842355180354986e+01
1.914999999999968168e+03,-3.825868703170809226e+01
1.915083333333301425e+03,-5.410984071228051917e+00
1.915166666666634683e+03,-2.177549377597539149e+01
1.915249999999967940e+03,-5.201329822178754370e+01
1.915333333333301198e+03,-3.514147734948535629e+01
1.915416666666634455e+03,2.102216644708132520e+00
1.915499999999967713e+03,9.760363298199141724e+00
1.915583333333300970e+03,-1.491302718332572042e+01
1.915666666666634228e+03,-4.198020700371102976e+01
1.915749999999967486e+03,-2.315417680326370231e+01
1.915833333333300743e+03,2.696128138915725003e+00
1.915916666666634001e+03,-2.456327108681328752e+01
1.915999999999967258e+03,-5.020823669578335569e+01
1.916083333333300516e+03,-2.325321184431693666e+01
1.916166666666633773e+03,8.150176191912038348e+00
1.916249999999967031e+03,2.115625263861275585e+00
1.916333333333300288e+03,-2.014959639648041900e+01
1.916416666666633546e+03,-3.154044816330040391e+01
1.916499999999966803e+03,-1.210813410227151365e+01
1.916583333333300061e+03,-3.129228142528237555e+00
1.916666666666633319e+03,-3.897866020377686880e+01
1.916749999999966576e+03,-5.508334832697446615e+01
1.916833333333299834e+03,-2.154214030119761247e+01
1.916916666666633091e+03,1.908318863721934378e+00
1.916999999999966349e+03,-1.092803947666144637e+01
1.917083333333299606e+03,-2.380085823348200336e+01
1.917166666666632864e+03,-2.175852148025590793e+01
1.917249999999966121e+03,-2.597457929454574099e+00
1.917333333333299379e+03,-3.595552164652794147e+00
1.917416666666632636e+03,-4.410898382310743671e+01
1.917499999999965894e+03,-5.121153816870948106e+01
1.917583333333299151e+03,-1.619203230473354438e+01
1.917666666666632409e+03,-5.867101536752299396e+00
1.917749999999965667e+03,-2.310357361121261732e+01
1.917833333333298924e+03,-2.450926730556932398e+01
1.917916666666632182e+03,-1.144543979510550358e+01
1.917999999999965439e+03,2.879645480796284573e+00
1.918083333333298697e+03,-3.713465268457362356e+00
1.918166666666631954e+03,-3.989360660961381200e+01
1.918249999999965212e+03,-4.326073523247661967e+01
1.918333333333298469e+03,-1.174283490181059619e+01
1.918416666666631727e+03,-9.500911768077004993e+00
1.918499999999964984e+03,-2.824898282969070351e+01
1.918583333333298242e+03,-2.305081180314470757e+01
1.918666666666631500e+03,-6.064104564580031109e+00
1.918749999999964757e+03,3.789987974833941564e+00
1.918833333333298015e+03,-7.658014423857071762e+00
1.918916666666631272e+03,-4.098598266430956016e+01
1.918999999999964530e+03,-3.987158295645971862e+01
1.919083333333297787e+03,-1.683353009099732489e+01
1.919166666666631045e+03,-2.630756095745635292e+01
1.919249999999964302e+03,-4.123496768129236045e+01
1.919333333333297560e+03,-2.723971691835018660e+01
1.919416666666630817e+03,-7.678317683104193492e+00
1.919499999999964075e+03,2.073617070421946096e+00
1.919583333333297333e+03,-3.537964616365719905e+00
1.919666666666630590e+03,-3.042399173011709834e+01
1.919749999999963848e+03,-3.056646999662426367e+01
1.919833333333297105e+03,-1.052874035066163749e+01
1.919916666666630363e+03,-2.187330412666510071e+01
1.919999999999963620e+03,-3.625581151736156471e+01
1.920083333333296878e+03,-2.222468457988002299e+01
1.920166666666630135e+03,-5.836481385076336181e+00
1.920249999999963393e+03,7.772760908640208299e-03
1.920333333333296650e+03,-4.622601282602412098e+00
1.920416666666629908e+03,-2.524979206104496399e+01
1.920499999999963165e+03,-2.490081039101841043e+01
1.920583333333296423e+03,-1.462446753747776107e+01
1.920666666666629681e+03,-3.335675318258904554e+01
1.920749999999962938e+03,-4.463251214009618195e+01
1.920833333333296196e+03,-2.816811645984140000e+01
1.920916666666629453e+03,-1.231394849643918477e+01
1.920999999999962711e+03,-5.219244066074082866e+00
1.921083333333295968e+03,-6.440533612033316757e+00
1.921166666666629226e+03,-2.313952338586845769e+01
1.921249999999962483e+03,-1.896212750420234272e+01
1.921333333333295741e+03,-6.076814951890874283e+00
1.921416666666628998e+03,-2.930126802768435823e+01
1.921499999999962256e+03,-4.456321721230040112e+01
1.921583333333295514e+03,-2.934058809839114090e+01
1.921666666666628771e+03,-1.500315310533374458e+01
1.921749999999962029e+03,-8.597301307713262730e+00
1.921833333333295286e+03,-9.057025657027871546e+00
1.921916666666628544e+03,-1.992056976981667660e+01
1.921999999999961801e+03,-1.330416024747295722e+01
1.922083333333295059e+03,-2.457556167266634617e+00
1.922166666666628316e+03,-2.704261549590582092e+01
1.922249999999961574e+03,-4.368679897637223064e+01
1.922333333333294831e+03,-2.812649354655258449e+01
1.922416666666628089e+03,-1.392555149740148579e+01
1.922499999999961346e+03,-1.191237751673230250e+01
1.922583333333294604e+03,-1.563074318888962999e+01
1.922666666666627862e+03,-2.032090757937111292e+01
1.922749999999961119e+03,-5.447174969235273778e+00
1.922833333333294377e+03,3.110427882774224884e+00
1.922916666666627634e+03,-3.078729460152497310e+01
1.922999999999960892e+03,-4.872671202178075589e+01
1.923083333333294149e+03,-3.055485645164367270e+01
1.923166666666627407e+03,-1.921393995063039384e+01
1.923249999999960664e+03,-2.196279405437507748e+01
1.923333333333293922e+03,-2.765469801240620029e+01
1.923416666666627179e+03,-2.412965646527642605e+01
1.923499999999960437e+03,-2.771080996696611010e-01
1.923583333333293695e+03,9.917610155888450407e+00
1.923666666666626952e+03,-2.494841454397802138e+01
1.923749999999960210e+03,-4.326072200027599024e+01
1.923833333333293467e+03,-2.120360463969692688e+01
1.923916666666626725e+03,-9.993371738380812275e+00
1.923999999999959982e+03,-2.098459058865370253e+01
1.924083333333293240e+03,-2.969307340962289032e+01
1.924166666666626497e+03,-1.892277095988769275e+01
1.924249999999959755e+03,6.308948717626666536e+00
1.924333333333293012e+03,7.922363849891841170e+00
1.924416666666626270e+03,-2.921102953980060590e+01
1.924499999999959527e+03,-4.033846615665460433e+01
1.924583333333292785e+03,-1.896100931411907808e+01
1.924666666666626043e+03,-1.989114240245645249e+01
1.924749999999959300e+03,-3.735496921806780080e+01
1.924833333333292558e+03,-4.173170598742153459e+01
1.924916666666625815e+03,-2.096291725731715871e+01
1.924999999999959073e+03,6.540965417624384770e+00
1.925083333333292330e+03,2.694618924274877259e+00
1.925166666666625588e+03,-3.221113903679504631e+01
1.925249999999958845e+03,-3.319995202746935092e+01
1.925333333333292103e+03,-4.669091328985073730e+00
1.925416666666625360e+03,-1.347007225592692592e+01
1.925499999999958618e+03,-4.101791367694670498e+01
1.925583333333291876e+03,-4.120847180938862664e+01
1.925666666666625133e+03,-1.344657726449174717e+01
1.925749999999958391e+03,7.840270095041567799e+00
1.925833333333291648e+03,-4.620687730491402689e+00
1.925916666666624906e+03,-3.152663295697061585e+01
1.925999999999958163e+03,-2.317264895674381364e+01
1.926083333333291421e+03,4.038045286832137037e-01
1.926166666666624678e+03,-1.863040595321264448e+01
1.926249999999957936e+03,-4.802544403842736642e+01
1.926333333333291193e+03,-4.022441083329531608e+01
1.926416666666624451e+03,-9.365893141269852507e+00
1.926499999999957708e+03,1.366603996717007163e+00
1.926583333333290966e+03,-1.811920904460532711e+01
1.926666666666624224e+03,-3.262937029489197016e+01
1.926749999999957481e+03,-1.011574535557181598e+01
1.926833333333290739e+03,9.192932674148639904e+00
1.926916666666623996e+03,-2.525470771957129301e+01
1.926999999999957254e+03,-5.597985724532308893e+01
1.927083333333290511e+03,-3.647535447626790983e+01
1.927166666666623769e+03,-6.035673299527555713e+00
1.927249999999957026e+03,-8.945711064525458056e+00
1.927333333333290284e+03,-3.287529172415646883e+01
1.927416666666623541e+03,-3.236264000614440306e+01
1.927499999999956799e+03,4.927306537905451478e-02
1.927583333333290057e+03,1.416658946113283690e+01
1.927666666666623314e+03,-2.417171997844640430e+01
1.927749999999956572e+03,-5.179788014488539005e+01
1.927833333333289829e+03,-2.604297018210889547e+01
1.927916666666623087e+03,1.228212370539960574e+00
1.927999999999956344e+03,-1.369870711563067189e+01
1.928083333333289602e+03,-3.727762757679955996e+01
1.928166666666622859e+03,-2.313073123755721383e+01
1.928249999999956117e+03,1.051699502877612957e+01
1.928333333333289374e+03,1.048623705419986862e+01
1.928416666666622632e+03,-3.386832001922257263e+01
1.928499999999955890e+03,-5.013235494015064120e+01
1.928583333333289147e+03,-1.937093328855259955e+01
1.928666666666622405e+03,-8.269793374716430279e+00
1.928749999999955662e+03,-3.499578714056042372e+01
1.928833333333288920e+03,-5.018212380432234454e+01
1.928916666666622177e+03,-2.094287989358544166e+01
1.928999999999955435e+03,1.266339521628728448e+01
1.929083333333288692e+03,4.036493001356294741e+00
1.929166666666621950e+03,-3.629424854711140824e+01
1.929249999999955207e+03,-4.115893312739275700e+01
1.929333333333288465e+03,-4.458886228422919373e+00
1.929416666666621722e+03,-2.620563330996006357e+00
1.929499999999954980e+03,-3.895638267086107476e+01
1.929583333333288238e+03,-4.557165766504778048e+01
1.929666666666621495e+03,-8.036164744694206163e+00
1.929749999999954753e+03,1.474922038557979675e+01
1.929833333333288010e+03,-5.551233317400791734e+00
1.929916666666621268e+03,-3.671521959619365560e+01
1.929999999999954525e+03,-2.906331344788720372e+01
1.930083333333287783e+03,5.640903368220833158e-01
1.930166666666621040e+03,-1.490753635917043241e+01
1.930249999999954298e+03,-5.303904140663007638e+01
1.930333333333287555e+03,-4.641608407596459074e+01
1.930416666666620813e+03,-5.350376340533808062e+00
1.930499999999954071e+03,4.674830471310905011e+00
1.930583333333287328e+03,-2.105166065267178510e+01
1.930666666666620586e+03,-3.613388841169643939e+01
1.930749999999953843e+03,-1.397241677896074208e+01
1.930833333333287101e+03,1.016963733225866662e+01
1.930916666666620358e+03,-2.094599342474826642e+01
1.930999999999953616e+03,-5.885192202507758452e+01
1.931083333333286873e+03,-3.700845158761724463e+01
1.931166666666620131e+03,2.884705454454504547e+00
1.931249999999953388e+03,-4.242503802712345617e+00
1.931333333333286646e+03,-3.320328366066065939e+01
1.931416666666619903e+03,-3.091453347684425523e+01
1.931499999999953161e+03,-4.154368023503245411e-01
1.931583333333286419e+03,1.349637056615895148e+01
1.931666666666619676e+03,-2.405009480859291671e+01
1.931749999999952934e+03,-5.590618156793686211e+01
1.931833333333286191e+03,-2.793863007610209692e+01
1.931916666666619449e+03,4.717992836940855028e+00
1.931999999999952706e+03,-1.441059457632952601e+01
1.932083333333285964e+03,-3.953142470547786047e+01
1.932166666666619221e+03,-2.165268101362369535e+01
1.932249999999952479e+03,9.584645443324983916e+00
1.932333333333285736e+03,8.611478287085201799e+00
1.932416666666618994e+03,-3.509926703014295413e+01
1.932499999999952252e+03,-5.398720513430890122e+01
1.932583333333285509e+03,-1.908373924533891497e+01
1.932666666666618767e+03,-4.542332638290828228e+00
1.932749999999952024e+03,-3.625033092220348152e+01
1.932833333333285282e+03,-5.000610676203881155e+01
1.932916666666618539e+03,-1.706798590553099260e+01
1.932999999999951797e+03,1.191125929092290647e+01
1.933083333333285054e+03,3.334888087969964943e+00
1.933166666666618312e+03,-3.310601751315779495e+01
1.933249999999951569e+03,-4.166662057245699202e+01
1.933333333333284827e+03,-6.508002190847726354e+00
1.933416666666618084e+03,-2.136792660850328929e+00
1.933499999999951342e+03,-3.900131954963453751e+01
1.933583333333284600e+03,-4.295620458712563305e+01
1.933666666666617857e+03,-4.922353946638452271e+00
1.933749999999951115e+03,1.165517701686122720e+01
1.933833333333284372e+03,-6.962171838603477880e+00
1.933916666666617630e+03,-3.307158696861463199e+01
1.933999999999950887e+03,-2.898883009371863295e+01
1.934083333333284145e+03,-2.771132333049166618e+00
1.934166666666617402e+03,-1.849236006456892412e+01
1.934249999999950660e+03,-5.583955167265954600e+01
1.934333333333283917e+03,-4.529682531407771506e+01
1.934416666666617175e+03,-5.545240302085950646e+00
1.934499999999950433e+03,3.417469435673332612e-01
1.934583333333283690e+03,-1.825968894537336951e+01
1.934666666666616948e+03,-2.831851188653131857e+01
1.934749999999950205e+03,-1.573153725589829577e+01
1.934833333333283463e+03,4.284360773238301334e+00
1.934916666666616720e+03,-1.985950180960450240e+01
1.934999999999949978e+03,-5.446539776532916477e+01
1.935083333333283235e+03,-3.454322272409925176e+01
1.935166666666616493e+03,-4.699055956719178084e-02
1.935249999999949750e+03,-7.949193390891041489e+00
1.935333333333283008e+03,-2.578619289008920390e+01
1.935416666666616266e+03,-2.095900243068564350e+01
1.935499999999949523e+03,-4.085902294931836209e+00
1.935583333333282781e+03,4.786652105912832411e+00
1.935666666666616038e+03,-2.438994665718679755e+01
1.935749999999949296e+03,-5.189702053792336045e+01
1.935833333333282553e+03,-2.924727928023015977e+01
1.935916666666615811e+03,-3.757278172420837947e+00
1.935999999999949068e+03,-1.900483755825533549e+01
1.936083333333282326e+03,-3.154049153846419529e+01
1.936166666666615583e+03,-1.587948618790379562e+01
1.936249999999948841e+03,1.208072495406138813e+00
1.936333333333282098e+03,3.426615367233644349e+00
1.936416666666615356e+03,-2.749496069832499501e+01
1.936499999999948614e+03,-4.900794891957241362e+01
1.936583333333281871e+03,-2.475232786383468664e+01
1.936666666666615129e+03,-1.275798491811317348e+01
1.936749999999948386e+03,-3.416409075565470488e+01
1.936833333333281644e+03,-3.755701406595174774e+01
1.936916666666614901e+03,-1.444724966628378482e+01
1.936999999999948159e+03,9.945348672926215272e-01
1.937083333333281416e+03,2.574986335219232814e+00
1.937166666666614674e+03,-1.984106681515452308e+01
1.937249999999947931e+03,-3.718762225234692664e+01
1.937333333333281189e+03,-1.743862993980745912e+01
1.937416666666614447e+03,-1.081742548174824314e+01
1.937499999999947704e+03,-3.283227333284558824e+01
1.937583333333280962e+03,-3.296446563152048270e+01
1.937666666666614219e+03,-1.006287281209978879e+01
1.937749999999947477e+03,-2.188786895739802674e-01
1.937833333333280734e+03,-1.565952472230637937e+00
1.937916666666613992e+03,-1.913092114492859963e+01
1.937999999999947249e+03,-3.151265946053802480e+01
1.938083333333280507e+03,-1.678589615465623197e+01
1.938166666666613764e+03,-2.308518064363542166e+01
1.938249999999947022e+03,-4.694477781420008711e+01
1.938333333333280279e+03,-4.009173127084166310e+01
1.938416666666613537e+03,-1.666749057209741736e+01
1.938499999999946795e+03,-7.856754124533763317e+00
1.938583333333280052e+03,-4.795696775342843665e+00
1.938666666666613310e+03,-1.494873286132870582e+01
1.938749999999946567e+03,-2.489783134720321911e+01
1.938833333333279825e+03,-9.286481239266210608e+00
1.938916666666613082e+03,-1.454640902532188917e+01
1.938999999999946340e+03,-4.049046940965423858e+01
1.939083333333279597e+03,-3.582613215401197237e+01
1.939166666666612855e+03,-1.490094597692609391e+01
1.939249999999946112e+03,-9.011192057917371656e+00
1.939333333333279370e+03,-7.099621894116070919e+00
1.939416666666612628e+03,-1.308402102637749209e+01
1.939499999999945885e+03,-1.870954700133122728e+01
1.939583333333279143e+03,-5.915668203876256470e+00
1.939666666666612400e+03,-1.644698193560830646e+01
1.939749999999945658e+03,-4.249153234971385018e+01
1.939833333333278915e+03,-3.729154512131471222e+01
1.939916666666612173e+03,-1.891780283779376859e+01
1.939999999999945430e+03,-1.484337557435305754e+01
1.940083333333278688e+03,-1.434222033472283897e+01
1.940166666666611945e+03,-1.714196860828146640e+01
1.940249999999945203e+03,-1.532006225556241574e+01
1.940333333333278460e+03,2.569128233580542542e+00
1.940416666666611718e+03,-1.232483335941772573e+01
1.940499999999944976e+03,-4.525524669860418214e+01
1.940583333333278233e+03,-3.917539343760462600e+01
1.940666666666611491e+03,-2.098293363154548530e+01
1.940749999999944748e+03,-1.955890656662082705e+01
1.940833333333278006e+03,-2.237816476737265248e+01
1.940916666666611263e+03,-2.364143145536590751e+01
1.940999999999944521e+03,-1.396776750012482537e+01
1.941083333333277778e+03,8.025837457627403637e+00
1.941166666666611036e+03,-6.036853850082051665e+00
1.941249999999944293e+03,-3.970350255755384694e+01
1.941333333333277551e+03,-3.377818376102873543e+01
1.941416666666610809e+03,-1.484816720396818823e+01
1.941499999999944066e+03,-1.711875683839353357e+01
1.941583333333277324e+03,-2.571620836956205380e+01
1.941666666666610581e+03,-2.424921809112684912e+01
1.941749999999943839e+03,-7.956472996491264382e+00
1.941833333333277096e+03,1.148357785119976526e+01
1.941916666666610354e+03,-1.002892023945608813e+01
1.941999999999943611e+03,-4.279130296911937137e+01
1.942083333333276869e+03,-3.055832410390573273e+01
1.942166666666610126e+03,-1.742879917814697066e+01
1.942249999999943384e+03,-3.050446136075969150e+01
1.942333333333276641e+03,-4.119208320004815960e+01
1.942416666666609899e+03,-3.280162488990579561e+01
1.942499999999943157e+03,-7.575087480537550988e+00
1.942583333333276414e+03,1.158206377364026096e+01
1.942666666666609672e+03,-1.135698489198903438e+01
1.942749999999942929e+03,-3.908826326339723067e+01
1.942833333333276187e+03,-1.923446386681842313e+01
1.942916666666609444e+03,-4.439405554113527330e+00
1.942999999999942702e+03,-2.628019458893147231e+01
1.943083333333275959e+03,-4.192120606035905439e+01
1.943166666666609217e+03,-2.669943259382027279e+01
1.943249999999942474e+03,3.284073766687711782e-02
1.943333333333275732e+03,8.225113372259059474e+00
1.943416666666608990e+03,-1.717258450268159820e+01
1.943499999999942247e+03,-3.387821883170126114e+01
1.943583333333275505e+03,-1.020345773813708234e+01
1.943666666666608762e+03,-7.272485365938743840e+00
1.943749999999942020e+03,-3.789425452256686810e+01
1.943833333333275277e+03,-4.909880320070816140e+01
1.943916666666608535e+03,-2.731239959814910989e+01
1.943999999999941792e+03,-2.825605211455492594e+00
1.944083333333275050e+03,-4.470560417650785823e+00
1.944166666666608307e+03,-2.693286071084942535e+01
1.944249999999941565e+03,-2.774901466027301922e+01
1.944333333333274823e+03,3.762505812579696851e+00
1.944416666666608080e+03,-2.314967154308032349e+00
1.944499999999941338e+03,-4.412022633294957785e+01
1.944583333333274595e+03,-4.974341213197514833e+01
1.944666666666607853e+03,-1.934380655877857791e+01
1.944749999999941110e+03,-1.603373406075878194e+00
1.944833333333274368e+03,-1.607267723743243693e+01
1.944916666666607625e+03,-3.396450029141932703e+01
1.944999999999940883e+03,-1.978799681797701027e+01
1.945083333333274140e+03,1.220232637941437659e+01
1.945166666666607398e+03,-1.744810493101031312e+00
1.945249999999940655e+03,-4.456097932196740885e+01
1.945333333333273913e+03,-4.424601307664250527e+01
1.945416666666607171e+03,-1.231133346886488766e+01
1.945499999999940428e+03,-4.117641166412223441e+00
1.945583333333273686e+03,-2.661913127737103224e+01
1.945666666666606943e+03,-3.497042365833319622e+01
1.945749999999940201e+03,-8.518754707668383830e+00
1.945833333333273458e+03,1.748128421955168932e+01
1.945916666666606716e+03,-9.665825342984170732e+00
1.945999999999939973e+03,-5.137461103941735985e+01
1.946083333333273231e+03,-3.787445648254470854e+01
1.946166666666606488e+03,-8.731449265091805856e+00
1.946249999999939746e+03,-1.806817007832641053e+01
1.946333333333273004e+03,-4.529417338194772924e+01
1.946416666666606261e+03,-4.004049753229569575e+01
1.946499999999939519e+03,-2.718838374360032617e+00
1.946583333333272776e+03,1.724050733597024276e+01
1.946666666666606034e+03,-1.326640249547470241e+01
1.946749999999939291e+03,-4.656977990917852139e+01
1.946833333333272549e+03,-2.518039114990070004e+01
1.946916666666605806e+03,2.260907498437799035e+00
1.946999999999939064e+03,-1.733762160782544015e+01
1.947083333333272321e+03,-4.606874615480549551e+01
1.947166666666605579e+03,-2.925755397856769235e+01
1.947249999999938836e+03,8.010914031828150428e+00
1.947333333333272094e+03,1.206596516852179590e+01
1.947416666666605352e+03,-2.207580655248142421e+01
1.947499999999938609e+03,-4.142657804178919889e+01
1.947583333333271867e+03,-1.347279637884785153e+01
1.947666666666605124e+03,-2.207432809167556798e+00
1.947749999999938382e+03,-3.611399335423287482e+01
1.947833333333271639e+03,-5.674194775193282680e+01
1.947916666666604897e+03,-2.846024540924661039e+01
1.947999999999938154e+03,4.611851461828045728e+00
1.948083333333271412e+03,-3.319353449726737182e+00
1.948166666666604669e+03,-3.141176598270990894e+01
1.948249999999937927e+03,-3.242193409393773607e+01
1.948333333333271185e+03,1.278391369108955899e+00
1.948416666666604442e+03,2.452067131359335406e+00
1.948499999999937700e+03,-4.123860278633087972e+01
1.948583333333270957e+03,-5.352550917402056996e+01
1.948666666666604215e+03,-1.501311294467146951e+01
1.948749999999937472e+03,7.849196868070890787e+00
1.948833333333270730e+03,-1.495830342155293735e+01
1.948916666666603987e+03,-3.568575697149394443e+01
1.948999999999937245e+03,-2.035115609657410829e+01
1.949083333333270502e+03,1.066117824059631047e+01
1.949166666666603760e+03,-2.007224006821815010e+00
1.949249999999937017e+03,-4.772578472971919439e+01
1.949333333333270275e+03,-5.012323939980328902e+01
1.949416666666603533e+03,-1.093091723414164740e+01
1.949499999999936790e+03,-7.155916382834597300e-01
1.949583333333270048e+03,-2.987220612850173396e+01
1.949666666666603305e+03,-3.713698403247830981e+01
1.949749999999936563e+03,-8.261038648454601230e+00
1.949833333333269820e+03,1.581645428132094366e+01
1.949916666666603078e+03,-9.784667177480180555e+00
1.949999999999936335e+03,-5.342353455992829225e+01
1.950083333333269593e+03,-4.109606175133042427e+01
1.950166666666602850e+03,-3.711670659587108290e+00
1.950249999999936108e+03,-1.261047092109263801e+01
1.950333333333269366e+03,-4.580882705006990818e+01
1.950416666666602623e+03,-3.740890937897419377e+01
1.950499999999935881e+03,4.114711632608134551e-01
1.950583333333269138e+03,1.585466678248525341e+01
1.950666666666602396e+03,-1.275007404153443602e+01
1.950749999999935653e+03,-4.610457713843622685e+01
1.950833333333268911e+03,-2.785662269192972218e+01
1.950916666666602168e+03,2.702449210103338828e+00
1.950999999999935426e+03,-1.612622215351458976e+01
1.951083333333268683e+03,-4.711373952158861300e+01
1.951166666666601941e+03,-2.711994066352091792e+01
1.951249999999935199e+03,8.917048336439158618e+00
1.951333333333268456e+03,8.750395509136250638e+00
1.951416666666601714e+03,-2.218686180350209014e+01
1.951499999999934971e+03,-4.123173271620618152e+01
1.951583333333268229e+03,-1.618682264629346079e+01
1.951666666666601486e+03,-3.103841021301398939e+00
1.951749999999934744e+03,-3.783143550051725867e+01
1.951833333333268001e+03,-5.879632364081887630e+01
1.951916666666601259e+03,-2.661208434365415698e+01
1.951999999999934516e+03,4.036788086139306841e+00
1.952083333333267774e+03,-5.187948935627421321e+00
1.952166666666601031e+03,-2.620991968379380666e+01
1.952249999999934289e+03,-2.905952833022917758e+01
1.952333333333267547e+03,-3.576600099640918629e+00
1.952416666666600804e+03,5.057834795834672548e-01
1.952499999999934062e+03,-3.816508905083327363e+01
1.952583333333267319e+03,-5.091814124372533001e+01
1.952666666666600577e+03,-1.374693483629637569e+01
1.952749999999933834e+03,5.129264116267712836e+00
1.952833333333267092e+03,-1.544997597700270831e+01
1.952916666666600349e+03,-2.733512610962592859e+01
1.952999999999933607e+03,-1.637681358667558840e+01
1.953083333333266864e+03,4.018030008793029850e+00
1.953166666666600122e+03,-6.973628716715243314e+00
1.953249999999933380e+03,-4.738348093648933457e+01
1.953333333333266637e+03,-4.959759226860069248e+01
1.953416666666599895e+03,-1.368504360746089077e+01
1.953499999999933152e+03,-6.860242100021221034e+00
1.953583333333266410e+03,-2.967768622582986637e+01
1.953666666666599667e+03,-2.857664264622275496e+01
1.953749999999932925e+03,-8.182899275187947907e+00
1.953833333333266182e+03,7.291989252787502096e+00
1.953916666666599440e+03,-8.500353779559613798e+00
1.953999999999932697e+03,-4.584613817283010917e+01
1.954083333333265955e+03,-4.121830078642122430e+01
1.954166666666599212e+03,-9.584594612740342967e+00
1.954249999999932470e+03,-1.586192262851972856e+01
1.954333333333265728e+03,-3.886667170350211364e+01
1.954416666666598985e+03,-2.677933215966753977e+01
1.954499999999932243e+03,-2.915377179931507357e+00
1.954583333333265500e+03,6.375192936588007342e+00
1.954666666666598758e+03,-8.385184205862092455e+00
1.954749999999932015e+03,-3.645086781483971095e+01
1.954833333333265273e+03,-3.040224091110876259e+01
1.954916666666598530e+03,-7.949101561252600590e+00
1.954999999999931788e+03,-2.028870013456313970e+01
1.955083333333265045e+03,-4.010320634654650007e+01
1.955166666666598303e+03,-2.224663962293767838e+01
1.955249999999931561e+03,-1.446602012670936688e-01
1.955333333333264818e+03,2.272612106217415828e+00
1.955416666666598076e+03,-1.140871627737737271e+01
1.955499999999931333e+03,-3.313877857434673047e+01
1.955583333333264591e+03,-2.485287379875664726e+01
1.955666666666597848e+03,-1.304555614772931094e+01
1.955749999999931106e+03,-3.580925227618526208e+01
1.955833333333264363e+03,-4.956828065953895646e+01
1.955916666666597621e+03,-2.638843236791930735e+01
1.955999999999930878e+03,-7.512427013656271413e+00
1.956083333333264136e+03,-5.086122941481020732e+00
1.956166666666597393e+03,-9.098131622806704399e+00
1.956249999999930651e+03,-2.327582685958228836e+01
1.956333333333263909e+03,-1.685056005533706269e+01
1.956416666666597166e+03,-6.833515241933451279e+00
1.956499999999930424e+03,-2.879687356944418752e+01
1.956583333333263681e+03,-4.205223939405047417e+01
1.956666666666596939e+03,-2.116102868191597253e+01
1.956749999999930196e+03,-7.334363635326949904e+00
1.956833333333263454e+03,-8.891700557234493374e+00
1.956916666666596711e+03,-9.834380317067676458e+00
1.956999999999929969e+03,-1.830885018750421267e+01
1.957083333333263226e+03,-1.236671347874578331e+01
1.957166666666596484e+03,-1.010848767123282244e+01
1.957249999999929742e+03,-3.736359409301456935e+01
1.957333333333262999e+03,-4.693359594409651692e+01
1.957416666666596257e+03,-2.626818628766021746e+01
1.957499999999929514e+03,-1.638455617633283978e+01
1.957583333333262772e+03,-1.775371708940884474e+01
1.957666666666596029e+03,-1.481758269464987166e+01
1.957749999999929287e+03,-1.764365297360624041e+01
1.957833333333262544e+03,-6.293898144220976931e+00
1.957916666666595802e+03,-6.192842249965657686e-01
1.957999999999929059e+03,-3.168118559055232097e+01
1.958083333333262317e+03,-4.553058858159823075e+01
1.958166666666595574e+03,-2.489522566723750074e+01
1.958249999999928832e+03,-1.567982463120245384e+01
1.958333333333262090e+03,-2.001558243399475145e+01
1.958416666666595347e+03,-1.884193839405626392e+01
1.958499999999928605e+03,-1.798662068109049628e+01
1.958583333333261862e+03,-2.578580384666036451e+00
1.958666666666595120e+03,3.784040885484007077e+00
1.958749999999928377e+03,-2.677653989852237615e+01
1.958833333333261635e+03,-4.038674979466888715e+01
1.958916666666594892e+03,-2.279509451100393846e+01
1.958999999999928150e+03,-1.672135741368353479e+01
1.959083333333261407e+03,-2.460175858350713796e+01
1.959166666666594665e+03,-2.399679986797661257e+01
1.959249999999927923e+03,-1.653672105836161066e+01
1.959333333333261180e+03,2.919163579399647546e+00
1.959416666666594438e+03,5.241061167663250586e+00
1.959499999999927695e+03,-3.121298707013907858e+01
1.959583333333260953e+03,-4.101765447522487307e+01
1.959666666666594210e+03,-2.061553096269240015e+01
1.959749999999927468e+03,-2.244297373314585542e+01
1.959833333333260725e+03,-3.681196063787697881e+01
1.959916666666593983e+03,-3.621415897109768878e+01
1.959999999999927240e+03,-2.137450091894321957e+01
1.960083333333260498e+03,3.978070917072077606e+00
1.960166666666593756e+03,6.659392079375471951e+00
1.960249999999927013e+03,-2.798407155270366786e+01
1.960333333333260271e+03,-3.351783948164793969e+01
1.960416666666593528e+03,-9.697200378752533823e+00
1.960499999999926786e+03,-1.415620205012200472e+01
1.960583333333260043e+03,-3.528009759125408351e+01
1.960666666666593301e+03,-3.453142867391242987e+01
1.960749999999926558e+03,-1.402740156917299252e+01
1.960833333333259816e+03,6.480884360195730665e+00
1.960916666666593073e+03,5.828846659495710014e-01
1.960999999999926331e+03,-3.044530091072035560e+01
1.961083333333259588e+03,-2.605960475669439447e+01
1.961166666666592846e+03,-5.645153330054087704e+00
1.961249999999926104e+03,-2.523122056700494653e+01
1.961333333333259361e+03,-4.937242101264263283e+01
1.961416666666592619e+03,-4.099371959665253939e+01
1.961499999999925876e+03,-1.591603031854965700e+01
1.961583333333259134e+03,-4.564581417244113482e-01
1.961666666666592391e+03,-1.125357207930137271e+01
1.961749999999925649e+03,-3.241058146615986857e+01
1.961833333333258906e+03,-1.457102988559621259e+01
1.961916666666592164e+03,7.650933241158700326e+00
1.961999999999925421e+03,-2.177827142593096710e+01
1.962083333333258679e+03,-5.134168298780694073e+01
1.962166666666591937e+03,-3.493762134188942525e+01
1.962249999999925194e+03,-5.718885425217040464e+00
1.962333333333258452e+03,-2.741286889899630097e+00
1.962416666666591709e+03,-2.145875878460778097e+01
1.962499999999924967e+03,-3.117912743786103391e+01
1.962583333333258224e+03,-4.092554183529973244e+00
1.962666666666591482e+03,1.116418511005435477e+01
1.962749999999924739e+03,-2.603038445054935579e+01
1.962833333333257997e+03,-5.125455207421627790e+01
1.962916666666591254e+03,-3.050732998501085547e+01
1.962999999999924512e+03,-6.926220071892428720e+00
1.963083333333257769e+03,-1.478778472029255120e+01
1.963166666666591027e+03,-3.296324111572556603e+01
1.963249999999924285e+03,-2.676549642531974627e+01
1.963333333333257542e+03,7.021010297996536309e+00
1.963416666666590800e+03,1.197729505660815263e+01
1.963499999999924057e+03,-3.450543230461827449e+01
1.963583333333257315e+03,-5.164040737319005103e+01
1.963666666666590572e+03,-2.099465661987286325e+01
1.963749999999923830e+03,-6.983530783134506592e+00
1.963833333333257087e+03,-2.938690613358847159e+01
1.963916666666590345e+03,-4.525213711768961389e+01
1.963999999999923602e+03,-2.407990545676447880e+01
1.964083333333256860e+03,1.253974051256454914e+01
1.964166666666590118e+03,1.008070060756235975e+01
1.964249999999923375e+03,-3.433234143965044183e+01
1.964333333333256633e+03,-4.263725903295586761e+01
1.964416666666589890e+03,-9.948358372261392191e+00
1.964499999999923148e+03,-3.906960690986673868e+00
1.964583333333256405e+03,-3.325275302365738384e+01
1.964666666666589663e+03,-4.280168214580855590e+01
1.964749999999922920e+03,-1.227548240940460289e+01
1.964833333333256178e+03,1.540992155081399062e+01
1.964916666666589435e+03,-2.384641071025583869e-02
1.964999999999922693e+03,-3.932035459042827341e+01
1.965083333333255950e+03,-3.324219929033149867e+01
1.965166666666589208e+03,-2.932372541905529317e+00
1.965249999999922466e+03,-1.752446753927610601e+01
1.965333333333255723e+03,-5.228174521029804822e+01
1.965416666666588981e+03,-4.803749202197381862e+01
1.965499999999922238e+03,-1.046592510172891544e+01
1.965583333333255496e+03,7.394608778184856845e+00
1.965666666666588753e+03,-1.376393516571074294e+01
1.965749999999922011e+03,-3.876492049304074783e+01
1.965833333333255268e+03,-1.917433355588016397e+01
1.965916666666588526e+03,8.923232414416396807e+00
1.965999999999921783e+03,-1.558801304615102623e+01
1.966083333333255041e+03,-5.219765229707065401e+01
1.966166666666588299e+03,-3.708239178982692863e+01
1.966249999999921556e+03,3.046541895536638123e+00
1.966333333333254814e+03,4.219947374466062939e+00
1.966416666666588071e+03,-2.417395009543284345e+01
1.966499999999921329e+03,-3.429944295395174692e+01
1.966583333333254586e+03,-5.507072301841022366e+00
1.966666666666587844e+03,1.085254208798790998e+01
1.966749999999921101e+03,-2.687827240270539519e+01
1.966833333333254359e+03,-5.720927049163113054e+01
1.966916666666587616e+03,-3.359161712556760193e+01
1.966999999999920874e+03,-1.413441725315237818e+00
1.967083333333254132e+03,-1.321264449625256887e+01
1.967166666666587389e+03,-3.774395954564413813e+01
1.967249999999920647e+03,-2.833856149948542225e+01
1.967333333333253904e+03,6.470818365299532360e+00
1.967416666666587162e+03,1.142157219456308326e+01
1.967499999999920419e+03,-3.391667559285817646e+01
1.967583333333253677e+03,-5.499097630718142682e+01
1.967666666666586934e+03,-2.078332927824342136e+01
1.967749999999920192e+03,1.430837382771809274e+00
1.967833333333253449e+03,-2.587951219730047825e+01
1.967916666666586707e+03,-4.578131833999306366e+01
1.967999999999919964e+03,-2.054381557607229425e+01
1.968083333333253222e+03,1.365229481962565927e+01
1.968166666666586480e+03,8.045858533611941255e+00
1.968249999999919737e+03,-3.543950877043986480e+01
1.968333333333252995e+03,-4.603616829821984879e+01
1.968416666666586252e+03,-1.204766084185672526e+01
1.968499999999919510e+03,-1.891473916770127772e+00
1.968583333333252767e+03,-3.445220478681196141e+01
1.968666666666586025e+03,-4.477809562486871187e+01
1.968749999999919282e+03,-1.013053432860780845e+01
1.968833333333252540e+03,1.475808727315479985e+01
1.968916666666585797e+03,-2.538363742398637157e+00
1.968999999999919055e+03,-3.963057718206785296e+01
1.969083333333252313e+03,-3.594608098231515214e+01
1.969166666666585570e+03,-3.926544998468692427e+00
1.969249999999918828e+03,-1.453500772970087063e+01
1.969333333333252085e+03,-5.279480071532489660e+01
1.969416666666585343e+03,-4.788131997009106300e+01
1.969499999999918600e+03,-7.000940703213094807e+00
1.969583333333251858e+03,7.036373698533541443e+00
1.969666666666585115e+03,-1.301467126525875173e+01
1.969749999999918373e+03,-3.407445105022227239e+01
1.969833333333251630e+03,-2.036370725149573246e+01
1.969916666666584888e+03,5.083360247054574899e+00
1.969999999999918145e+03,-1.378397723811488440e+01
1.970083333333251403e+03,-4.986498192477692726e+01
1.970166666666584661e+03,-3.597913408161623749e+01
1.970249999999917918e+03,3.665660208454337265e+00
1.970333333333251176e+03,1.785966065316575424e+00
1.970416666666584433e+03,-2.260317767909947051e+01
1.970499999999917691e+03,-2.869494630513262479e+01
1.970583333333250948e+03,-7.652923239165643210e+00
1.970666666666584206e+03,4.809447028339935315e+00
1.970749999999917463e+03,-2.874002606348175348e+01
1.970833333333250721e+03,-5.833939901070119305e+01
1.970916666666583978e+03,-3.481126186232251030e+01
1.970999999999917236e+03,-3.697873847078872345e+00
1.971083333333250494e+03,-1.661715159002596920e+01
1.971166666666583751e+03,-3.395137827878588155e+01
1.971249999999917009e+03,-2.233672785404341710e+01
1.971333333333250266e+03,1.689971829078366738e+00
1.971416666666583524e+03,6.428415819218251670e+00
1.971499999999916781e+03,-2.838303666479490062e+01
1.971583333333250039e+03,-5.085655719392219964e+01
1.971666666666583296e+03,-2.352876982066641176e+01
1.971749999999916554e+03,-2.091530729836051705e+00
1.971833333333249811e+03,-2.509648667203651229e+01
1.971916666666583069e+03,-3.663088951995661802e+01
1.971999999999916326e+03,-1.398749402746817339e+01
1.972083333333249584e+03,6.622939438862903927e+00
1.972166666666582842e+03,2.828975777123915236e+00
1.972249999999916099e+03,-2.924551769395847245e+01
1.972333333333249357e+03,-4.269561448105772428e+01
1.972416666666582614e+03,-1.806439416727779346e+01
1.972499999999915872e+03,-9.483792685526186261e+00
1.972583333333249129e+03,-3.528215446203173400e+01
1.972666666666582387e+03,-3.831710386593600504e+01
1.972749999999915644e+03,-9.819093483334944139e+00
1.972833333333248902e+03,5.357323264522410255e+00
1.972916666666582159e+03,-1.875480421917782081e+00
1.972999999999915417e+03,-2.800581320544085884e+01
1.973083333333248675e+03,-3.581021795180508605e+01
1.973166666666581932e+03,-1.405563483499772204e+01
1.973249999999915190e+03,-1.793358201834652021e+01
1.973333333333248447e+03,-4.662425352029524817e+01
1.973416666666581705e+03,-4.067465738317577717e+01
1.973499999999914962e+03,-1.109828064008586423e+01
1.973583333333248220e+03,-2.115377544489209782e+00
1.973666666666581477e+03,-5.730596266576389652e+00
1.973749999999914735e+03,-1.924521673538871269e+01
1.973833333333247992e+03,-2.317458242311143835e+01
1.973916666666581250e+03,-7.769952129215010217e+00
1.973999999999914507e+03,-1.505837884537793592e+01
1.974083333333247765e+03,-4.100913899452669398e+01
1.974166666666581023e+03,-3.346487836890561596e+01
1.974249999999914280e+03,-6.972753629054432523e+00
1.974333333333247538e+03,-5.380722744302254057e+00
1.974416666666580795e+03,-1.023202041981249977e+01
1.974499999999914053e+03,-1.684412914121757510e+01
1.974583333333247310e+03,-1.746994158872714920e+01
1.974666666666580568e+03,-7.301466345013150061e+00
1.974749999999913825e+03,-2.466256445555194432e+01
1.974833333333247083e+03,-5.018229588691176701e+01
1.974916666666580340e+03,-3.804994326242228908e+01
1.974999999999913598e+03,-1.619707777316460806e+01
1.975083333333246856e+03,-1.787785044394105682e+01
1.975166666666580113e+03,-1.723824262659761075e+01
1.975249999999913371e+03,-1.555959900975786780e+01
1.975333333333246628e+03,-1.258575332545365910e+01
1.975416666666579886e+03,2.501631788566811565e-01
1.975499999999913143e+03,-1.504117845062525127e+01
1.975583333333246401e+03,-4.257395723890449801e+01
1.975666666666579658e+03,-3.395551199269358733e+01
1.975749999999912916e+03,-1.416798071369689893e+01
1.975833333333246173e+03,-1.775301646428678737e+01
1.975916666666579431e+03,-1.882658709770615957e+01
1.975999999999912689e+03,-1.532885229595455456e+01
1.976083333333245946e+03,-1.041839769672209570e+01
1.976166666666579204e+03,2.024257363954099276e+00
1.976249999999912461e+03,-1.522501754103839389e+01
1.976333333333245719e+03,-4.128166645902514631e+01
1.976416666666578976e+03,-3.267923941561865320e+01
1.976499999999912234e+03,-1.907638221389544952e+01
1.976583333333245491e+03,-2.574553273073357573e+01
1.976666666666578749e+03,-2.666518168589849935e+01
1.976749999999912006e+03,-1.929241496540635836e+01
1.976833333333245264e+03,-7.927204127692357716e+00
1.976916666666578521e+03,7.917305915888867673e+00
1.976999999999911779e+03,-1.277214412824348244e+01
1.977083333333245037e+03,-4.257838461327339274e+01
1.977166666666578294e+03,-3.032433850318506785e+01
1.977249999999911552e+03,-1.649388560463476949e+01
1.977333333333244809e+03,-2.929619208278734988e+01
1.977416666666578067e+03,-3.496579029022532836e+01
1.977499999999911324e+03,-2.610256770939548687e+01
1.977583333333244582e+03,-9.005712332409865795e+00
1.977666666666577839e+03,1.044735020041669671e+01
1.977749999999911097e+03,-8.352588472567280320e+00
1.977833333333244354e+03,-3.526982874565486981e+01
1.977916666666577612e+03,-2.190001913548676526e+01
1.977999999999910870e+03,-1.018703191176773259e+01
1.978083333333244127e+03,-2.698529046551359301e+01
1.978166666666577385e+03,-3.601359306199920240e+01
1.978249999999910642e+03,-2.307224988798916954e+01
1.978333333333243900e+03,-4.121660109832815166e+00
1.978416666666577157e+03,8.137872826662253090e+00
1.978499999999910415e+03,-1.461418103333026508e+01
1.978583333333243672e+03,-3.472356060537823907e+01
1.978666666666576930e+03,-1.453830269323626645e+01
1.978749999999910187e+03,-1.273585439203541014e+01
1.978833333333243445e+03,-4.110079290817147069e+01
1.978916666666576702e+03,-4.843971166453455623e+01
1.978999999999909960e+03,-2.897787536898520244e+01
1.979083333333243218e+03,-8.142802393127507088e+00
1.979166666666576475e+03,-2.919234610092402704e-01
1.979249999999909733e+03,-2.084559525362623589e+01
1.979333333333242990e+03,-2.928501250807653378e+01
1.979416666666576248e+03,-9.763276433574397117e-01
1.979499999999909505e+03,-2.185702123840840727e+00
1.979583333333242763e+03,-3.803881851502698908e+01
1.979666666666576020e+03,-4.587155223524992209e+01
1.979749999999909278e+03,-1.939980555038152232e+01
1.979833333333242535e+03,-1.635576540849054794e+00
1.979916666666575793e+03,-6.967561584668448660e+00
1.979999999999909051e+03,-2.621446269228792758e+01
1.980083333333242308e+03,-2.231140821814075181e+01
1.980166666666575566e+03,7.304635808563261890e+00
1.980249999999908823e+03,-6.510692253487794900e+00
1.980333333333242081e+03,-4.648711750067114679e+01
1.980416666666575338e+03,-4.594888389094360548e+01
1.980499999999908596e+03,-1.900453654592093855e+01
1.980583333333241853e+03,-1.061660686730211545e+01
1.980666666666575111e+03,-2.314230125800553139e+01
1.980749999999908368e+03,-3.326382188779764704e+01
1.980833333333241626e+03,-1.359228991440797252e+01
1.980916666666574883e+03,1.696901460390192540e+01
1.980999999999908141e+03,-7.481806772755300372e+00
1.981083333333241399e+03,-5.063585201659287804e+01
1.981166666666574656e+03,-3.958603159755779188e+01
1.981249999999907914e+03,-8.044909262028465236e+00
1.981333333333241171e+03,-1.251449789677064572e+01
1.981416666666574429e+03,-3.595735978229276242e+01
1.981499999999907686e+03,-3.714460779480715047e+01
1.981583333333240944e+03,-6.458513167468170835e+00
1.981666666666574201e+03,1.989370191018704048e+01
1.981749999999907459e+03,-9.835923158749853457e+00
1.981833333333240716e+03,-4.635488956360033796e+01
1.981916666666573974e+03,-2.899014123486646710e+01
1.981999999999907232e+03,-3.830129993245963149e+00
1.982083333333240489e+03,-1.842681821517232876e+01
1.982166666666573747e+03,-4.238951699949208063e+01
1.982249999999907004e+03,-3.156981197903510861e+01
1.982333333333240262e+03,2.561917206109040279e+00
1.982416666666573519e+03,1.576743890786919877e+01
1.982499999999906777e+03,-2.024687704292645307e+01
1.982583333333240034e+03,-4.544627806437597428e+01
1.982666666666573292e+03,-1.697409470715070512e+01
1.982749999999906549e+03,-3.423837585086655366e+00
1.982833333333239807e+03,-3.520651631662895653e+01
1.982916666666573065e+03,-5.571893705099147809e+01
1.982999999999906322e+03,-3.114238308408619105e+01
1.983083333333239580e+03,2.900048808249749754e+00
1.983166666666572837e+03,4.983076227765483424e+00
1.983249999999906095e+03,-2.738686577095925045e+01
1.983333333333239352e+03,-3.655535608436191808e+01
1.983416666666572610e+03,-2.636574075259318306e+00
1.983499999999905867e+03,2.856602898937367740e+00
1.983583333333239125e+03,-3.495183640647239542e+01
1.983666666666572382e+03,-5.044380873988612990e+01
1.983749999999905640e+03,-1.741956850031494852e+01
1.983833333333238897e+03,8.970440551473359392e+00
1.983916666666572155e+03,-5.187754672510958898e+00
1.983999999999905413e+03,-3.281908236467877771e+01
1.984083333333238670e+03,-2.618182812095441747e+01
1.984166666666571928e+03,7.275068695404314667e+00
1.984249999999905185e+03,-5.381939371179747411e+00
1.984333333333238443e+03,-5.002871086272227785e+01
1.984416666666571700e+03,-5.239386755185857680e+01
1.984499999999904958e+03,-1.607165401659039716e+01
1.984583333333238215e+03,-3.108102086235842165e+00
1.984666666666571473e+03,-2.516593315017109589e+01
1.984749999999904730e+03,-3.871478585890076829e+01
1.984833333333237988e+03,-1.465983626738077561e+01
1.984916666666571246e+03,1.653690698731598729e+01
1.984999999999904503e+03,-6.668598610343986266e+00
1.985083333333237761e+03,-5.108164674755963119e+01
1.985166666666571018e+03,-4.225925437998220957e+01
1.985249999999904276e+03,-2.390684600922053704e+00
1.985333333333237533e+03,-3.556349551627061345e+00
1.985416666666570791e+03,-3.557655348419891084e+01
1.985499999999904048e+03,-3.713334117367709553e+01
1.985583333333237306e+03,-3.281044468925234270e+00
1.985666666666570563e+03,1.911396508428919816e+01
1.985749999999903821e+03,-1.266934065620277927e+01
1.985833333333237078e+03,-4.995063262748692523e+01
1.985916666666570336e+03,-3.292703923180055625e+01
1.985999999999903594e+03,-2.513779168616100179e+00
1.986083333333236851e+03,-1.657427685493918190e+01
1.986166666666570109e+03,-4.605019047851631342e+01
1.986249999999903366e+03,-3.271398596618807630e+01
1.986333333333236624e+03,4.658511902837318530e+00
1.986416666666569881e+03,1.412431312917692594e+01
1.986499999999903139e+03,-2.205114035894784053e+01
1.986583333333236396e+03,-4.732773535390769837e+01
1.986666666666569654e+03,-2.012243356633721447e+01
1.986749999999902911e+03,-5.096954627021013096e-01
1.986833333333236169e+03,-3.098842581355983583e+01
1.986916666666569427e+03,-5.622851071676732460e+01
1.986999999999902684e+03,-2.841024353827176441e+01
1.987083333333235942e+03,6.593539464154339669e+00
1.987166666666569199e+03,4.137053415461096506e+00
1.987249999999902457e+03,-2.631613726471831427e+01
1.987333333333235714e+03,-3.575266170495960694e+01
1.987416666666568972e+03,-6.748240936199804807e+00
1.987499999999902229e+03,1.400752678384836969e+00
1.987583333333235487e+03,-3.320035024947100055e+01
1.987666666666568744e+03,-5.059999115331190467e+01
1.987749999999902002e+03,-1.652201457807557361e+01
1.987833333333235259e+03,9.200264768978708929e+00
1.987916666666568517e+03,-7.163397690713688704e+00
1.987999999999901775e+03,-3.066311698478661896e+01
1.988083333333235032e+03,-2.493188065332950032e+01
1.988166666666568290e+03,2.543264867814723829e+00
1.988249999999901547e+03,-7.479394705273564981e+00
1.988333333333234805e+03,-4.993263827178277126e+01
1.988416666666568062e+03,-5.406345351779832953e+01
1.988499999999901320e+03,-1.567230881772051276e+01
1.988583333333234577e+03,-3.417847399701347655e+00
1.988666666666567835e+03,-2.525525370573288697e+01
1.988749999999901092e+03,-3.286901138066389905e+01
1.988833333333234350e+03,-1.286769735310266682e+01
1.988916666666567608e+03,1.028168003687742171e+01
1.988999999999900865e+03,-6.316427739316502254e+00
1.989083333333234123e+03,-4.489028613491086617e+01
1.989166666666567380e+03,-4.188192906603470078e+01
1.989249999999900638e+03,-4.807823656134186052e+00
1.989333333333233895e+03,-4.444977978278501496e+00
1.989416666666567153e+03,-3.236429907596296829e+01
1.989499999999900410e+03,-2.893073844590115939e+01
1.989583333333233668e+03,-2.764542067601844622e+00
1.989666666666566925e+03,1.071005272789949814e+01
1.989749999999900183e+03,-1.392084062871562011e+01
1.989833333333233440e+03,-4.620888162559400314e+01
1.989916666666566698e+03,-3.532941503197517363e+01
1.989999999999899956e+03,-8.349938756119282601e+00
1.990083333333233213e+03,-2.085002375094756033e+01
1.990166666666566471e+03,-4.477012466250306488e+01
1.990249999999899728e+03,-2.792974454198308720e+01
1.990333333333232986e+03,9.376750721522491006e-01
1.990416666666566243e+03,7.467212934057339879e+00
1.990499999999899501e+03,-1.554679033822887746e+01
1.990583333333232758e+03,-3.963722330773511970e+01
1.990666666666566016e+03,-2.591559809591998231e+01
1.990749999999899273e+03,-7.276701872029716966e+00
1.990833333333232531e+03,-2.876118578909591150e+01
1.990916666666565789e+03,-4.866345882786980326e+01
1.990999999999899046e+03,-2.378115300349301009e+01
1.991083333333232304e+03,4.150242544898361530e-01
1.991166666666565561e+03,6.974811597603292057e-02
1.991249999999898819e+03,-1.494271494580882909e+01
1.991333333333232076e+03,-2.772572589188041192e+01
1.991416666666565334e+03,-1.529995375867076746e+01
1.991499999999898591e+03,-7.411727894032049235e+00
1.991583333333231849e+03,-3.126255155797633734e+01
1.991666666666565106e+03,-4.505760801441855534e+01
1.991749999999898364e+03,-1.863268991587599999e+01
1.991833333333231622e+03,-9.939501834055128882e-01
1.991916666666564879e+03,-7.330529452667629897e+00
1.991999999999898137e+03,-1.634784916740063565e+01
1.992083333333231394e+03,-2.205629293908683408e+01
1.992166666666564652e+03,-1.084158524436914384e+01
1.992249999999897909e+03,-1.196920278742030064e+01
1.992333333333231167e+03,-4.229341576016997806e+01
1.992416666666564424e+03,-5.038075097467347518e+01
1.992499999999897682e+03,-2.249125452406256187e+01
1.992583333333230939e+03,-1.240505163538750644e+01
1.992666666666564197e+03,-1.846025926386184679e+01
1.992749999999897454e+03,-1.642030033163459279e+01
1.992833333333230712e+03,-1.495968582285685500e+01
1.992916666666563970e+03,-4.105487479413454821e+00
1.992999999999897227e+03,-4.351043430508315879e+00
1.993083333333230485e+03,-3.189730172580236811e+01
1.993166666666563742e+03,-4.147446568248082599e+01
1.993249999999897000e+03,-1.762808814521849854e+01
1.993333333333230257e+03,-1.086412785004567283e+01
1.993416666666563515e+03,-1.996414915148164226e+01
1.993499999999896772e+03,-1.592284358790771392e+01
1.993583333333230030e+03,-1.213308888109091654e+01
1.993666666666563287e+03,-2.639723977009904132e+00
1.993749999999896545e+03,-6.578722070551858536e+00
1.993833333333229803e+03,-3.536321385559297426e+01
1.993916666666563060e+03,-4.166145707681040733e+01
1.993999999999896318e+03,-2.240153503276084734e+01
1.994083333333229575e+03,-2.308531676318439452e+01
1.994166666666562833e+03,-3.162123109798837106e+01
1.994249999999896090e+03,-2.231050232944591372e+01
1.994333333333229348e+03,-1.300765663612960132e+01
1.994416666666562605e+03,1.904560099232266879e+00
1.994499999999895863e+03,8.697606320402577751e-01
1.994583333333229120e+03,-3.077436481544893354e+01
1.994666666666562378e+03,-3.928384019422763629e+01
1.994749999999895635e+03,-1.902744716728584606e+01
1.994833333333228893e+03,-2.010355153203292389e+01
1.994916666666562151e+03,-3.309248223529287714e+01
1.994999999999895408e+03,-2.653144700905923514e+01
1.995083333333228666e+03,-1.570828383795929106e+01
1.995166666666561923e+03,1.927091286779571533e+00
1.995249999999895181e+03,3.421153378898331709e+00
1.995333333333228438e+03,-2.602544009846240414e+01
1.995416666666561696e+03,-3.218791627586436732e+01
1.995499999999894953e+03,-1.573838805312524158e+01
1.995583333333228211e+03,-2.173948032522205409e+01
1.995666666666561468e+03,-3.622348059308422563e+01
1.995749999999894726e+03,-2.885854438033327085e+01
1.995833333333227984e+03,-1.419320811516206859e+01
1.995916666666561241e+03,2.985444215926079892e+00
1.995999999999894499e+03,4.586177184454953704e-01
1.996083333333227756e+03,-2.939098260845316446e+01
1.996166666666561014e+03,-2.814760612985589461e+01
1.996249999999894271e+03,-9.707101158595699886e+00
1.996333333333227529e+03,-2.674241681316715002e+01
1.996416666666560786e+03,-4.806308441666796227e+01
1.996499999999894044e+03,-3.739758358735370791e+01
1.996583333333227301e+03,-1.792577562956588011e+01
1.996666666666560559e+03,-9.362670481879078466e-01
1.996749999999893816e+03,-4.312254985224150516e+00
1.996833333333227074e+03,-2.793568186701407541e+01
1.996916666666560332e+03,-1.755942016960597840e+01
1.996999999999893589e+03,2.618017777407352753e+00
1.997083333333226847e+03,-1.920758858988655859e+01
1.997166666666560104e+03,-4.516107096212149941e+01
1.997249999999893362e+03,-3.215771375040278457e+01
1.997333333333226619e+03,-9.089987851661492257e+00
1.997416666666559877e+03,-1.518457296889092589e+00
1.997499999999893134e+03,-1.253729206872425905e+01
1.997583333333226392e+03,-2.849255561326766184e+01
1.997666666666559649e+03,-8.791123494962187479e+00
1.997749999999892907e+03,4.993623076062096544e+00
1.997833333333226165e+03,-2.987033100274570785e+01
1.997916666666559422e+03,-5.356470316808085386e+01
1.997999999999892680e+03,-3.378511983184203871e+01
1.998083333333225937e+03,-1.457453922722464057e+01
1.998166666666559195e+03,-1.640025199562763447e+01
1.998249999999892452e+03,-2.730988356220191093e+01
1.998333333333225710e+03,-2.850145670247317042e+01
1.998416666666558967e+03,3.087942658198755908e+00
1.998499999999892225e+03,1.295083321422799116e+01
1.998583333333225482e+03,-3.004180844632629999e+01
1.998666666666558740e+03,-5.125239571353684909e+01
1.998749999999891998e+03,-2.307397101419693186e+01
1.998833333333225255e+03,-4.972518108254183389e+00
1.998916666666558513e+03,-2.109701460264245299e+01
1.998999999999891770e+03,-3.558263355765083702e+01
1.999083333333225028e+03,-2.462263821463169222e+01
1.999166666666558285e+03,1.041849146606800147e+01
1.999249999999891543e+03,1.177700379926027807e+01
1.999333333333224800e+03,-3.365292094723119476e+01
1.999416666666558058e+03,-4.505103572790820010e+01
1.999499999999891315e+03,-1.617010455626568799e+01
1.999583333333224573e+03,-1.032706843429743415e+01
1.999666666666557830e+03,-3.339019348161759382e+01
1.999749999999891088e+03,-4.091071147247225070e+01
1.999833333333224346e+03,-1.805830392206160440e+01
1.999916666666557603e+03,1.428472115360428774e+01
1.999999999999890861e+03,4.558601872888598194e+00
2.000083333333224118e+03,-3.987224982628593750e+01
2.000166666666557376e+03,-3.746036101070098567e+01
2.000249999999890633e+03,-4.547406127706572931e+00
2.000333333333223891e+03,-1.413029068634313035e+01
2.000416666666557148e+03,-4.819539288287195689e+01
2.000499999999890406e+03,-4.654387193701924730e+01
2.000583333333223663e+03,-1.352828635897338927e+01
2.000666666666556921e+03,1.154779986187063656e+01
2.000749999999890179e+03,-4.860004084960090509e+00
2.000833333333223436e+03,-3.854393829492993007e+01
2.000916666666556694e+03,-2.355799821082067780e+01
2.000999999999889951e+03,5.621495150663644580e+00
2.001083333333223209e+03,-1.391963854075500606e+01
2.001166666666556466e+03,-4.839709455868736399e+01
2.001249999999889724e+03,-3.798676073992427860e+01
2.001333333333222981e+03,-2.405310061359344331e+00
2.001416666666556239e+03,7.644990447040466819e+00
2.001499999999889496e+03,-1.679503354304106466e+01
2.001583333333222754e+03,-3.721812659331776274e+01
2.001666666666556011e+03,-1.052666869894986768e+01
2.001749999999889269e+03,8.479167913075759344e+00
2.001833333333222527e+03,-2.881897932447616029e+01
2.001916666666555784e+03,-5.982856196834684681e+01
2.001999999999889042e+03,-3.646830671436084970e+01
2.002083333333222299e+03,-5.083693288022193002e+00
2.002166666666555557e+03,-1.010789592157782657e+01
2.002249999999888814e+03,-3.287778805449945452e+01
2.002333333333222072e+03,-3.332123174177155533e+01
2.002416666666555329e+03,3.320609959959003987e+00
2.002499999999888587e+03,1.381121508203521131e+01
2.002583333333221844e+03,-2.954981525513954921e+01
2.002666666666555102e+03,-5.355727343797286011e+01
2.002749999999888360e+03,-2.234743340092274977e+01
2.002833333333221617e+03,4.402656463496253281e+00
2.002916666666554875e+03,-1.600482606161522270e+01
2.002999999999888132e+03,-3.874030841620390220e+01
2.003083333333221390e+03,-2.419366075490435009e+01
2.003166666666554647e+03,1.264140761494661547e+01
2.003249999999887905e+03,9.417440624563614193e+00
2.003333333333221162e+03,-3.856491661316164965e+01
2.003416666666554420e+03,-5.039570981045000053e+01
2.003499999999887677e+03,-1.681931191964558536e+01
2.003583333333220935e+03,-6.011182775013121926e+00
2.003666666666554192e+03,-3.439768111065447442e+01
2.003749999999887450e+03,-4.583796645268674297e+01
2.003833333333220708e+03,-1.724612449640341438e+01
2.003916666666553965e+03,1.583031650948052516e+01
2.003999999999887223e+03,2.326491801196077347e+00
2.004083333333220480e+03,-4.172447692607073577e+01
2.004166666666553738e+03,-4.026027256714180425e+01
2.004249999999886995e+03,-4.352347380994444848e+00
2.004333333333220253e+03,-7.285845597782818928e+00
2.004416666666553510e+03,-4.487123505850581751e+01
2.004499999999886768e+03,-4.609907826434118050e+01
2.004583333333220025e+03,-8.605890440235397065e+00
2.004666666666553283e+03,1.379730213204457812e+01
2.004749999999886541e+03,-6.678819059744919073e+00
2.004833333333219798e+03,-3.887944413382292907e+01
2.004916666666553056e+03,-2.597173575476493923e+01
2.004999999999886313e+03,2.420090806740017086e+00
2.005083333333219571e+03,-1.324891669935563954e+01
2.005166666666552828e+03,-4.869942964197464619e+01
2.005249999999886086e+03,-3.928050935330002602e+01
2.005333333333219343e+03,-9.015098154698151234e-01
2.005416666666552601e+03,7.012615608845901960e+00
2.005499999999885858e+03,-1.859442672082169778e+01
2.005583333333219116e+03,-3.633305709347214929e+01
2.005666666666552373e+03,-1.312967865289381209e+01
2.005749999999885631e+03,4.958193258922754865e+00
2.005833333333218889e+03,-2.726023951778023147e+01
2.005916666666552146e+03,-5.979798689186877425e+01
2.005999999999885404e+03,-3.711051028884423886e+01
2.006083333333218661e+03,-2.385178373814916597e+00
2.006166666666551919e+03,-9.408078979827806165e+00
2.006249999999885176e+03,-3.098770264811071939e+01
2.006333333333218434e+03,-2.896154133268146325e+01
2.006416666666551691e+03,2.986395358047495563e-01
2.006499999999884949e+03,8.811120026301043850e+00
2.006583333333218206e+03,-2.633269423711178447e+01
2.006666666666551464e+03,-5.036331627975714298e+01
2.006749999999884722e+03,-2.386357200895043462e+01
2.006833333333217979e+03,3.629122324124274712e+00
2.006916666666551237e+03,-1.555975549816791670e+01
2.006999999999884494e+03,-3.464062397121168857e+01
2.007083333333217752e+03,-1.913310687119232156e+01
2.007166666666551009e+03,8.385072783260437035e+00
2.007249999999884267e+03,3.308369419707936743e+00
2.007333333333217524e+03,-3.706877933703761130e+01
2.007416666666550782e+03,-5.032785708835643845e+01
2.007499999999884039e+03,-2.051931514112327548e+01
2.007583333333217297e+03,-8.369862686902109772e+00
2.007666666666550555e+03,-3.537477643803758554e+01
2.007749999999883812e+03,-4.254368647022857175e+01
2.007833333333217070e+03,-1.453599022123383655e+01
2.007916666666550327e+03,1.009636808492851046e+01
2.007999999999883585e+03,8.799914684532446074e-01
2.008083333333216842e+03,-3.277962340928720408e+01
2.008166666666550100e+03,-3.864961088958393987e+01
2.008249999999883357e+03,-1.136342038256991849e+01
2.008333333333216615e+03,-8.326650648667733634e+00
2.008416666666549872e+03,-3.949482343037402643e+01
2.008499999999883130e+03,-3.935965329334904084e+01
2.008583333333216387e+03,-7.653765669236506142e+00
2.008666666666549645e+03,6.525786961359450800e+00
2.008749999999882903e+03,-6.168302202940804335e+00
2.008833333333216160e+03,-2.893684281738770636e+01
2.008916666666549418e+03,-2.659124877461628955e+01
2.008999999999882675e+03,-7.533237816001046028e+00
2.009083333333215933e+03,-1.743426348362613609e+01
2.009166666666549190e+03,-4.666800739590190261e+01
2.009249999999882448e+03,-3.751143749550983841e+01
2.009333333333215705e+03,-5.864289178861376683e+00
2.009416666666548963e+03,-3.589723061508642843e-01
2.009499999999882220e+03,-1.248433191832054057e+01
2.009583333333215478e+03,-2.497190743304252081e+01
2.009666666666548736e+03,-1.875233390450607374e+01
2.009749999999881993e+03,-5.950367959560955100e+00
2.009833333333215251e+03,-2.424988533854908468e+01
2.009916666666548508e+03,-5.249598656947944875e+01
2.009999999999881766e+03,-3.717289785646686084e+01
2.010083333333215023e+03,-9.274943510253249812e+00
2.010166666666548281e+03,-1.232377490842161905e+01
2.010249999999881538e+03,-1.817006212769906881e+01
2.010333333333214796e+03,-1.752244521917353026e+01
2.010416666666548053e+03,-8.889601169961023786e+00
2.010499999999881311e+03,-9.438529733368241637e-01
2.010583333333214568e+03,-1.928487713636922152e+01
2.010666666666547826e+03,-4.260661483488359380e+01
2.010749999999881084e+03,-2.926977459026165462e+01
2.010833333333214341e+03,-7.540711789476043592e+00
2.010916666666547599e+03,-1.571398602592760874e+01
2.010999999999880856e+03,-2.037562965969480899e+01
2.011083333333214114e+03,-1.409501482845540110e+01
2.011166666666547371e+03,-5.852082598398256508e+00
2.011249999999880629e+03,-2.404104504254334529e+00
2.011333333333213886e+03,-2.566723120084261467e+01
2.011416666666547144e+03,-4.683836131246313528e+01
2.011499999999880401e+03,-3.132157856145169461e+01
2.011583333333213659e+03,-1.773065205384613208e+01
2.011666666666546917e+03,-3.056108913992787990e+01
2.011749999999880174e+03,-2.922153582483286982e+01
2.011833333333213432e+03,-1.634707345284743951e+01
2.011916666666546689e+03,-4.264863979815846307e+00
2.011999999999879947e+03,4.610223035373930855e+00
2.012083333333213204e+03,-1.556611935035608241e+01
2.012166666666546462e+03,-3.905519975449646353e+01
2.012249999999879719e+03,-2.683030434422936494e+01
2.012333333333212977e+03,-1.289367740835864140e+01
2.012416666666546234e+03,-2.673351256410684584e+01
2.012499999999879492e+03,-2.875306345794005125e+01
2.012583333333212749e+03,-1.709927350823096148e+01
2.012666666666546007e+03,-5.966722016866080835e+00
2.012749999999879265e+03,4.232527263400683637e+00
2.012833333333212522e+03,-1.374420987124374349e+01
2.012916666666545780e+03,-3.427137508020913970e+01
2.012999999999879037e+03,-2.367864695859538671e+01
2.013083333333212295e+03,-1.847165074591970324e+01
2.013166666666545552e+03,-3.588079650528226239e+01
2.013249999999878810e+03,-3.521171497274158213e+01
2.013333333333212067e+03,-1.988646247084378516e+01
2.013416666666545325e+03,-6.081404775657022199e+00
2.013499999999878582e+03,4.983301720607251184e+00
2.013583333333211840e+03,-1.453172059704852082e+01
2.013666666666545098e+03,-3.356231197475750605e+01
2.013749999999878355e+03,-1.792545970244388798e+01
2.013833333333211613e+03,-1.410519252139261681e+01
2.013916666666544870e+03,-3.947807277883057253e+01
2.013999999999878128e+03,-4.293364431384841851e+01
2.014083333333211385e+03,-2.437088805878107323e+01
2.014166666666544643e+03,-8.702422285901395327e+00
2.014249999999877900e+03,2.291509466607468681e+00
2.014333333333211158e+03,-1.464458995850938905e+01
2.014416666666544415e+03,-2.699668589560573650e+01
2.014499999999877673e+03,-7.688262779824174942e+00
2.014583333333210931e+03,-7.497146580825431172e+00
2.014666666666544188e+03,-3.574999913613388003e+01
2.014749999999877446e+03,-4.038949162730716580e+01
2.014833333333210703e+03,-1.972425992345177193e+01
2.014916666666543961e+03,-6.204245660765717929e+00
2.014999999999877218e+03,-3.548012808861813028e+00
2.015083333333210476e+03,-2.030165727712046930e+01
2.015166666666543733e+03,-2.293895312877732096e+01
2.015249999999876991e+03,5.954359347990738627e-01
2.015333333333210248e+03,-1.101257541723604838e+01
2.015416666666543506e+03,-4.803139452663656073e+01
2.015499999999876763e+03,-4.669314449468980399e+01
2.015583333333210021e+03,-2.199892882017997664e+01
2.015666666666543279e+03,-1.462317445671152072e+01
2.015749999999876536e+03,-1.809743340708673287e+01
2.015833333333209794e+03,-2.860984924220261405e+01
2.015916666666543051e+03,-1.631022245834125783e+01
2.015999999999876309e+03,1.370283326386600464e+01
2.016083333333209566e+03,-3.971178437954806739e+00
2.016166666666542824e+03,-4.503324837469368447e+01
2.016249999999876081e+03,-3.984244360952948227e+01
2.016333333333209339e+03,-9.889981845318249754e+00
2.016416666666542596e+03,-9.521964053157994101e+00
2.016499999999875854e+03,-2.516328326175962360e+01
2.016583333333209112e+03,-3.132833796094609013e+01
2.016666666666542369e+03,-9.550603006260894645e+00
2.016749999999875627e+03,1.726069373124639128e+01
2.016833333333208884e+03,-9.965516872087933464e+00
2.016916666666542142e+03,-4.812969577677337440e+01
2.016999999999875399e+03,-3.436821485954745725e+01
2.017083333333208657e+03,-1.142396768394189088e+01
2.017166666666541914e+03,-2.432225478407402974e+01
2.017249999999875172e+03,-4.038175409688857087e+01
2.017333333333208429e+03,-3.357205781965359392e+01
2.017416666666541687e+03,-2.878894789843123192e+00
2.017499999999874944e+03,1.824938751059290354e+01
2.017583333333208202e+03,-1.613053394535632989e+01
2.017666666666541460e+03,-4.700141104569618733e+01
2.017749999999874717e+03,-2.194976725433902232e+01
2.017833333333207975e+03,-2.070860073834747794e+00
2.017916666666541232e+03,-2.943674512864772197e+01
2.017999999999874490e+03,-5.009721912397330357e+01
2.018083333333207747e+03,-3.096626721464166110e+01
2.018166666666541005e+03,2.506842374764850945e+00
2.018249999999874262e+03,1.292467336497665542e+01
2.018333333333207520e+03,-2.196999813779802935e+01
2.018416666666540777e+03,-3.923947578382300350e+01
2.018499999999874035e+03,-8.518600673588471395e+00
2.018583333333207293e+03,-1.958602301811502855e-01
2.018666666666540550e+03,-3.452147516020085050e+01
2.018749999999873808e+03,-4.913537363753987108e+01
2.018833333333207065e+03,-2.221665793585808046e+01
2.018916666666540323e+03,5.114730703074961582e+00
2.018999999999873580e+03,1.681860788347844249e+00
2.019083333333206838e+03,-3.020076564865353674e+01
2.019166666666540095e+03,-3.112578125712889943e+01
2.019249999999873353e+03,3.634875167012030062e+00
2.019333333333206610e+03,-4.776688811287822745e+00
2.019416666666539868e+03,-5.006464727471436760e+01
2.019499999999873125e+03,-5.416048527987970118e+01
2.019583333333206383e+03,-1.821088873738484892e+01
2.019666666666539641e+03,-1.989834229204902272e+00
2.019749999999872898e+03,-1.682886919904316869e+01
2.019833333333206156e+03,-3.734369901805807501e+01
2.019916666666539413e+03,-1.972398329555423047e+01
2.019999999999872671e+03,1.578145243536081210e+01
2.020083333333205928e+03,-2.923649831846738323e+00
2.020166666666539186e+03,-4.759584441481509032e+01
2.020249999999872443e+03,-4.307297841159043372e+01
2.020333333333205701e+03,-4.808979385641757531e+00
2.020416666666538958e+03,-3.783513594552054826e-01
2.020499999999872216e+03,-2.608209348857391419e+01
2.020583333333205474e+03,-3.643760250646565879e+01
2.020666666666538731e+03,-7.842616317023409778e+00
2.020749999999871989e+03,1.930992466861173540e+01
2.020833333333205246e+03,-1.355817339296523016e+01
2.020916666666538504e+03,-5.471814648726824259e+01
2.020999999999871761e+03,-3.775875676738948528e+01
2.021083333333205019e+03,-6.353516692746868699e+00
2.021166666666538276e+03,-1.935485838092897026e+01
2.021249999999871534e+03,-4.463761629937559405e+01
2.021333333333204791e+03,-3.710658172999086446e+01
2.021416666666538049e+03,3.310762182810513821e-01
2.021499999999871306e+03,1.908061446821792373e+01
2.021583333333204564e+03,-1.887858317761060434e+01
2.021666666666537822e+03,-4.937322576550835862e+01
2.021749999999871079e+03,-2.323865561175948713e+01
2.021833333333204337e+03,2.615224231031906044e+00
2.021916666666537594e+03,-2.270634394031420555e+01
2.021999999999870852e+03,-4.949362993476519534e+01
2.022083333333204109e+03,-2.890490553994720813e+01
2.022166666666537367e+03,7.967353166413133181e+00
2.022249999999870624e+03,1.239700743117099435e+01
2.022333333333203882e+03,-2.600550138646567433e+01
2.022416666666537139e+03,-4.219787485789688475e+01
2.022499999999870397e+03,-1.157894066198088190e+01
2.022583333333203655e+03,-1.014799806658142955e+00
2.022666666666536912e+03,-3.476549704467602453e+01
2.022749999999870170e+03,-5.197674380405607053e+01
2.022833333333203427e+03,-2.233295654142820297e+01
2.022916666666536685e+03,7.340509520910671881e+00
2.022999999999869942e+03,-6.502815084021307257e-02
2.023083333333203200e+03,-3.220944865674123037e+01
2.023166666666536457e+03,-3.222622315443730656e+01
2.023249999999869715e+03,2.855792425353449460e-01
2.023333333333202972e+03,-4.029620328270921092e+00
2.023416666666536230e+03,-4.632878924834111700e+01
2.023499999999869488e+03,-5.397937601429307364e+01
2.023583333333202745e+03,-1.591940812635727553e+01
2.023666666666536003e+03,2.001339775371672403e+00
2.023749999999869260e+03,-1.607255551220954004e+01
2.023833333333202518e+03,-3.483020002672714810e+01
2.023916666666535775e+03,-1.858107332818473267e+01
2.023999999999869033e+03,1.061298125317479801e+01
2.024083333333202290e+03,-4.775195250239612221e+00
2.024166666666535548e+03,-4.437010895965613599e+01
2.024249999999868805e+03,-4.315128296245164563e+01
2.024333333333202063e+03,-6.194792103669575667e+00
2.024416666666535320e+03,-3.980942339486546189e-01
2.024499999999868578e+03,-2.578348669360321566e+01
2.024583333333201836e+03,-3.307867420778958945e+01
2.024666666666535093e+03,-7.202397351377111789e+00
2.024749999999868351e+03,1.293103460709441777e+01
2.024833333333201608e+03,-1.594355576008684849e+01
2.024916666666534866e+03,-5.311428248058635404e+01
2.024999999999868123e+03,-4.040138621106804351e+01
